released_year,in_spotify_playlists,streams,in_apple_playlists,in_deezer_playlists,key,mode,danceability_%,valence_%,energy_%,acousticness_%,instrumentalness_%,liveness_%,speechiness_%,season,bpm_category,charted_on_spotify,class_label_apple_chart_category
2023,553,141381703,43,45,B,Major,80,89,83,31,0,8,4,3,2,True,4
2023,1474,133716286,48,58,C#,Major,71,61,74,7,0,10,4,2,1,True,3
2023,1397,140003974,94,91,F,Major,51,32,53,17,0,31,6,3,3,True,4
2019,7858,800840817,116,125,A,Major,55,58,72,11,0,11,15,3,3,True,4
2023,3133,303236322,84,87,A,Minor,65,23,80,14,63,11,6,2,3,True,3
2023,2186,183706234,67,88,C#,Major,92,66,58,19,0,8,24,3,3,True,4
2023,3090,725980112,34,43,F,Minor,67,83,76,48,0,8,3,2,3,True,4
2023,714,58149378,25,30,F,Major,67,26,71,37,0,11,4,3,1,True,2
2023,1096,95217315,60,48,C#,Minor,85,22,62,12,0,28,9,2,2,True,4
2023,2953,553634067,49,66,D,Minor,81,56,48,21,0,8,33,2,3,True,3
2023,2876,505671438,41,54,F#,Minor,57,56,72,23,0,27,5,2,1,True,4
2023,422,58255150,37,21,F,Minor,78,52,82,18,0,15,7,3,3,True,4
2023,12211,1316855716,300,745,C#,Major,71,65,68,6,0,3,7,1,2,True,4
2023,3528,387570742,80,182,D,Minor,51,32,43,83,0,9,3,2,2,True,3
2022,23575,2513188493,403,863,F#,Minor,52,66,73,34,0,31,6,2,3,True,3
2022,8109,1163093654,183,161,G#,Major,64,43,73,5,17,16,4,1,1,True,3
2023,2942,496795686,91,78,B,Minor,78,76,59,43,0,34,3,1,2,True,4
2023,873,30546883,80,95,F,Major,44,14,9,96,0,10,3,3,1,True,4
2023,2610,335222234,43,54,B,Major,86,67,66,14,0,12,16,2,1,True,2
2023,596,363369738,8,23,G,Major,63,36,73,0,0,36,4,2,2,True,3
2023,332,86444842,11,10,F,Minor,65,87,74,22,0,42,4,3,3,True,3
2023,516,52135248,73,42,F#,Major,69,82,76,6,0,6,3,3,2,True,3
2013,12859,1297026226,24,582,F#,Minor,48,44,42,12,2,11,3,1,3,True,2
2023,1313,200647221,17,32,F,Minor,85,81,67,26,0,12,5,2,3,True,3
2023,1945,115364561,74,87,C#,Major,85,83,68,7,0,36,20,3,1,True,3
2023,250,78300654,16,10,G,Minor,79,96,86,9,0,9,9,3,2,True,3
2022,7112,899183384,202,318,B,Major,80,82,80,43,0,14,4,2,2,True,3
2023,859,61245289,35,41,F#,Minor,81,74,71,14,0,56,4,3,2,True,3
2023,2420,429829812,52,15,F#,Major,52,52,68,46,0,15,4,1,3,True,3
2023,2988,127408954,0,143,B,Minor,67,78,85,2,0,33,5,2,2,True,5
2023,864,22581161,71,50,F,Minor,74,35,84,0,0,11,6,3,2,True,3
2023,266,52294266,20,13,F#,Major,56,63,87,39,0,11,5,3,3,True,3
2022,6036,843957510,113,245,C#,Minor,71,17,61,36,0,8,5,1,1,True,3
2022,9082,999748277,242,165,E,Major,64,51,63,12,0,19,5,4,1,True,3
2023,4284,618990393,115,184,E,Minor,72,61,63,67,0,9,28,1,3,True,3
2023,1150,123122413,22,34,C#,Major,81,63,68,11,0,11,4,3,2,True,1
2023,672,188933502,19,24,F#,Major,61,39,73,37,0,11,3,2,3,True,3
2014,11434,1355959075,154,410,F,Major,75,57,68,9,0,13,6,1,1,True,3
2014,7830,786181836,94,151,D,Major,60,48,79,0,0,12,4,1,1,True,3
2023,584,176553476,16,15,F,Minor,79,96,85,27,0,11,6,2,2,True,3
2023,692,354495408,10,6,A,Minor,56,84,65,23,0,10,6,1,3,True,3
2018,24094,2808096550,372,843,D,Major,76,91,50,54,0,7,5,4,1,True,3
2022,12482,1109433169,291,537,G,Minor,56,38,97,4,0,35,4,3,2,True,3
2017,13387,1047101291,77,247,F#,Major,56,58,56,37,0,11,10,3,1,True,2
2023,1117,65156199,82,65,A,Major,77,75,58,52,0,23,25,3,3,True,3
2020,3372,570515054,65,138,F,Major,67,49,64,10,0,10,3,4,2,True,1
2022,8431,1085685420,241,458,A#,Major,71,82,81,11,0,6,5,2,3,True,3
2016,2483,1647990401,68,24,C#,Minor,59,51,52,9,0,15,7,4,3,True,1
2016,29536,2565529693,281,"2,445",G,Major,68,49,59,16,0,13,28,4,3,True,3
2023,3408,518745108,87,74,C#,Minor,53,50,53,23,0,44,7,1,1,True,2
2023,1298,107753850,44,57,A#,Minor,72,17,64,7,0,10,5,3,2,True,2
2023,4277,177740666,145,213,G,Major,60,23,91,0,0,12,3,2,2,True,3
2023,1133,153372011,14,23,F#,Minor,92,55,70,18,0,15,7,1,2,True,2
2023,2259,57876440,0,109,G,Minor,67,96,88,12,19,8,4,3,2,True,5
2012,18371,1813673666,250,"3,394",E,Minor,45,13,54,70,0,9,4,4,2,True,3
2019,43899,3703895074,672,"3,421",C#,Major,50,38,80,0,0,9,7,4,3,True,3
2023,2649,256483385,67,57,G,Minor,64,88,72,51,0,17,5,1,3,True,2
2022,6804,1214083358,139,161,G,Minor,84,85,68,58,0,22,4,2,2,True,3
2023,525,16011326,34,39,G#,Minor,86,42,72,59,0,9,19,3,2,True,3
2020,7923,812019557,106,142,D,Minor,61,53,58,55,0,27,4,3,2,True,3
2023,731,111947664,27,73,B,Major,86,59,96,50,1,9,5,2,2,True,1
2023,5184,156338624,154,102,F,Major,70,86,81,25,0,25,5,1,3,True,2
2022,3107,720434240,38,4,D,Major,88,72,59,62,0,9,3,3,1,True,5
2023,4053,357925728,82,182,F,Minor,77,53,64,74,0,17,14,2,1,True,3
2022,4637,674072710,63,89,C#,Minor,90,40,59,0,0,10,29,4,1,True,2
1999,31358,1755214421,196,"4,053",B,Major,43,28,66,0,0,23,3,1,3,True,1
2022,3818,404562836,37,32,G#,Major,64,10,62,7,0,48,7,4,1,True,2
2022,3506,373199958,105,169,A#,Minor,59,71,42,55,0,10,7,1,3,True,2
2023,410,14780425,36,31,C#,Major,56,48,73,0,0,35,4,3,3,True,1
2023,148,39578178,32,8,G#,Major,51,22,53,1,0,15,3,3,1,True,2
2023,1004,54266102,42,58,C#,Minor,77,84,89,17,0,43,5,3,2,True,2
2020,22543,2557975762,386,707,B,Major,76,53,53,44,0,9,9,3,1,True,3
2022,4511,751134527,70,109,C#,Minor,51,14,59,65,18,25,3,3,1,True,2
2012,16413,2282771485,166,"1,056",A#,Major,61,41,81,5,2,10,3,2,2,True,2
2022,8506,1356565093,94,164,D,Major,62,55,78,1,3,23,4,3,2,True,2
2008,33898,1592909789,233,"4,095",F,Minor,49,42,62,9,0,11,3,1,3,True,5
2022,3246,635412045,94,68,E,Major,58,27,48,50,0,12,3,3,3,True,2
2022,8576,1230675890,216,331,D,Major,71,24,47,1,0,27,9,4,3,True,3
2022,3618,585695368,47,80,F#,Minor,78,58,73,5,0,10,7,1,3,True,2
2023,370,43857627,12,18,C#,Major,68,40,79,33,0,30,6,3,1,True,1
1975,31123,2009094673,300,"1,003",C#,Major,48,50,73,43,0,15,4,1,1,True,2
2022,2790,600976848,60,71,A#,Major,34,32,57,78,0,20,3,2,1,True,2
2023,267,39709092,9,25,F,Major,63,36,34,76,0,35,9,3,2,True,1
2023,139,39228929,16,5,D,Major,50,20,64,1,0,12,3,3,3,True,2
2021,17050,2665343922,492,798,C#,Major,59,48,76,4,0,10,5,3,3,True,2
2023,2114,223633238,80,110,G#,Minor,78,70,68,3,1,11,4,2,2,True,2
2018,17836,2887241814,440,"1,800",C#,Major,50,45,41,75,0,11,3,4,2,True,3
2022,8870,1440757818,104,141,C#,Minor,91,43,71,9,0,9,8,2,1,True,3
2015,6060,165484133,150,"2,703",D,Major,82,40,66,39,51,25,7,3,2,True,3
2012,641,58054811,1,8,A,Major,63,84,82,70,8,9,7,3,2,True,2
2023,1446,157058870,57,35,G#,Major,71,67,60,19,0,12,3,2,1,True,2
2023,804,95131998,29,24,C#,Minor,74,76,76,6,0,10,9,2,3,True,2
2023,1962,250305248,28,29,D,Major,68,14,76,4,0,10,4,2,3,True,2
2017,4875,685032533,19,0,A,Minor,62,19,53,11,0,6,4,4,3,True,1
2020,31,38411956,2,8,C#,Minor,53,34,47,9,0,83,4,3,1,True,3
2023,2175,144565150,69,69,D#,Major,83,69,44,15,0,10,33,2,3,True,3
2023,2000,127567540,49,63,F#,Minor,49,17,35,71,9,11,3,2,1,True,3
2022,2839,399686758,58,42,F,Major,56,39,55,14,0,11,13,1,3,True,3
2011,20333,983637508,89,"1,632",C#,Minor,56,24,66,7,0,12,3,1,2,True,3
2023,674,118482347,20,25,G,Major,62,57,59,3,0,38,3,3,1,True,3
2012,8448,882831184,160,163,G,Major,43,50,55,50,0,15,10,1,1,True,3
2022,2110,286400165,17,19,G,Minor,68,17,71,15,0,11,5,1,1,True,3
2023,2528,172825906,56,59,D,Major,50,37,90,0,0,12,5,2,3,True,2
2004,12985,1241559043,49,"2,394",E,Minor,62,24,67,21,0,13,28,1,1,True,2
2023,77,29562220,8,4,E,Minor,81,53,72,51,0,12,5,3,3,True,3
2022,266,77309611,6,6,A#,Major,54,50,40,61,0,10,6,2,3,True,1
2017,21097,1605224506,384,"1,034",C#,Major,80,92,80,4,0,10,3,4,2,True,3
2017,3423,1116995633,41,59,C#,Major,61,45,69,2,0,9,3,2,2,True,2
2021,4198,838079900,98,327,F,Minor,77,65,72,2,0,7,5,2,2,True,3
2011,14739,1163620694,88,"2,163",D,Minor,61,47,68,0,0,13,3,1,2,True,3
2012,26792,1093605526,69,695,E,Minor,74,37,53,7,0,21,10,1,3,True,3
2022,213,179659294,7,0,F,Major,51,18,44,76,0,11,3,1,2,True,1
2023,58,39058561,2,4,B,Major,77,79,62,33,1,15,3,3,2,True,3
2023,99,36912123,21,6,G,Major,65,49,78,0,0,17,4,3,2,True,2
1985,41751,1205951614,101,"2,655",G,Major,64,54,81,36,0,11,6,1,2,True,1
2014,21164,1791000570,80,476,A#,Minor,70,47,52,30,0,6,33,1,1,True,2
2023,2988,201660859,74,145,D#,Minor,55,30,78,24,0,12,8,1,3,True,3
2023,893,248088961,19,24,F,Minor,84,96,71,18,0,34,17,1,2,True,1
2023,1094,90839753,40,47,B,Minor,82,89,85,4,0,23,6,2,2,True,2
2020,7324,607123776,25,61,F,Major,51,42,61,53,0,9,3,3,1,True,2
2023,201,55842345,19,8,A,Minor,75,79,63,33,0,15,4,3,2,True,3
2023,5120,211050784,161,246,A,Major,64,31,87,4,4,8,4,2,3,True,3
2022,2346,342897938,69,38,G#,Major,74,68,68,3,0,26,4,3,3,True,1
2022,763,2762,21,21,A#,Major,49,78,64,19,0,11,4,1,3,True,3
2021,457,330346424,8,4,B,Major,81,39,60,31,0,7,3,3,1,True,3
2022,3430,601863821,45,52,F,Major,87,57,55,10,0,29,7,3,1,True,2
2011,6074,1953533826,201,"6,551",D,Major,63,88,93,3,0,10,8,3,3,True,1
2019,21915,2322580122,437,"1,212",G,Major,55,56,82,12,0,34,5,4,1,True,3
2017,15032,2355719893,221,"1,078",E,Minor,35,12,30,93,0,10,3,3,2,True,2
2023,871,66902503,25,32,B,Major,78,59,65,10,0,26,5,3,2,True,2
2023,451,96273746,10,7,E,Minor,82,69,83,3,0,27,5,2,2,True,3
2023,1783,430977451,26,15,A,Minor,80,74,77,36,0,11,4,1,2,True,3
2011,9389,284819874,24,282,D,Major,42,20,86,21,0,9,9,1,3,True,3
2023,5724,721975598,119,254,D,Minor,78,50,63,27,0,9,5,1,2,True,3
2007,13985,1217120710,30,588,E,Major,52,20,85,0,0,7,5,2,3,True,2
2023,1051,109276132,31,31,B,Major,63,22,54,46,0,12,8,3,3,True,1
2022,1682,276259178,24,30,C#,Minor,75,48,53,18,0,18,34,1,2,True,2
2023,182,54225632,3,1,G,Minor,76,96,72,32,0,9,4,2,2,True,2
2017,16596,2559529074,7,"2,094",G#,Major,60,17,45,16,0,11,2,1,1,True,5
2022,2335,681583126,82,50,F#,Major,56,20,55,45,1,32,3,3,3,True,2
2017,18986,2594040133,250,"2,969",A#,Minor,77,74,78,4,0,23,11,1,2,True,3
2023,283,81102253,6,26,D#,Minor,84,65,50,67,0,13,6,2,2,True,1
2023,293,11956641,5,30,B,Minor,93,68,65,42,0,12,25,3,3,True,1
2002,21081,1687664027,98,"3,889",G,Major,92,67,66,0,0,36,9,1,2,True,2
2023,437,11599388,17,26,G,Major,79,92,89,5,0,6,5,3,1,True,1
2016,1275,611700552,13,5,F,Minor,59,52,48,38,5,10,11,4,1,True,1
2022,6135,1133865788,71,99,D#,Minor,65,27,69,8,0,53,4,2,1,True,3
2004,20015,1089402494,107,"5,239",A,Major,45,33,59,6,0,8,3,1,3,True,2
2019,1507,411747614,24,44,E,Major,60,24,35,73,0,31,3,2,2,True,2
2023,539,255932395,7,4,G,Minor,74,96,80,18,0,5,5,1,3,True,2
2023,86,31873544,7,3,A,Minor,81,90,77,1,0,9,5,3,2,True,2
2023,324,95053634,13,8,F#,Major,78,70,81,57,0,10,5,2,2,True,3
2010,17138,1279434863,119,974,C#,Major,47,86,92,8,0,5,24,1,2,True,2
2023,894,233801632,14,66,A,Major,69,61,71,33,0,31,20,1,3,True,2
2012,1622,1481349984,0,356,F,Major,73,87,70,6,0,28,5,1,3,True,5
2023,561,142095275,4,12,B,Major,50,85,52,11,0,28,6,2,3,True,1
2022,5871,618885532,81,58,C#,Major,54,40,67,0,0,9,17,3,3,True,3
2013,29215,2011464183,179,"3,394",C#,Minor,66,48,71,6,0,12,4,1,2,True,2
2021,5866,1167330737,107,95,D,Major,61,41,74,21,0,40,6,2,3,True,1
2019,3859,929964809,133,3,A,Minor,73,31,69,6,0,11,4,4,2,True,3
2023,961,436027885,19,10,G,Minor,78,89,83,10,0,12,5,1,3,True,3
2004,6457,657723613,98,453,C#,Major,86,74,80,33,0,8,6,3,1,True,2
2016,43257,2713922350,433,"3,631",C#,Major,77,36,63,1,0,36,5,2,1,True,3
2010,4564,621660989,24,113,G#,Major,45,24,62,8,0,16,3,1,3,True,2
2020,12688,1591223784,197,112,C#,Major,68,61,82,2,0,50,3,2,2,True,3
2010,13801,950906471,137,435,B,Minor,68,51,60,3,0,19,10,2,1,True,3
1983,22439,1593270737,211,929,C#,Major,82,73,45,54,0,7,3,1,2,True,2
2015,18515,1410088830,70,939,D,Major,45,10,37,97,25,64,4,1,3,True,2
2011,36843,1235005533,321,"4,607",C#,Major,73,60,77,3,0,11,4,1,2,True,2
2012,2420,1661187319,0,806,C#,Major,60,43,27,94,0,14,4,1,3,True,5
2018,5897,1374581173,0,885,C#,Minor,65,51,55,73,0,14,3,2,3,True,5
2023,727,94186466,17,28,A,Minor,60,13,53,4,0,21,4,3,1,True,2
2013,33783,1788326445,133,"2,733",F,Major,55,42,53,17,0,22,3,1,1,True,2
2012,26694,1840364617,65,"3,425",D#,Major,33,38,71,20,0,28,5,1,3,True,2
2023,356,143573775,35,8,C#,Major,57,84,94,11,0,37,9,2,3,True,3
2016,6518,684675814,45,238,G#,Major,71,40,50,16,0,16,22,4,3,True,2
2014,21335,1113838873,328,"1,378",G,Major,65,95,80,5,0,41,16,1,3,True,2
2013,23389,1267333350,54,"1,089",D,Major,70,81,63,4,0,8,4,1,1,True,2
2022,3202,726307468,148,226,D#,Major,56,53,64,11,0,45,6,2,3,True,2
2017,32181,3562543890,33,"6,808",C#,Minor,83,93,65,58,0,9,8,1,1,True,5
2014,7124,1131090940,60,2,G#,Major,67,40,52,86,0,12,4,4,2,True,1
2023,592,307370144,11,6,G#,Major,70,37,54,6,0,9,8,1,1,True,2
1992,36724,1271293243,146,"6,807",G,Major,53,12,34,1,0,12,4,4,1,True,2
2019,794,265882712,38,61,A,Major,34,24,56,4,0,11,3,4,3,True,1
2017,13091,841749534,61,790,F,Major,37,17,47,2,46,11,3,2,1,True,2
2023,67,47956378,7,0,E,Minor,74,36,63,26,0,27,5,2,1,True,1
2016,21574,806397070,112,266,A,Major,54,54,55,67,0,42,11,3,3,True,2
2019,19664,2132335812,391,633,D#,Major,70,59,75,24,0,9,4,3,2,True,2
2010,21106,1641426668,82,"2,946",F,Major,63,46,85,1,0,9,5,1,2,True,5
2013,23804,2135158446,187,"4,623",E,Minor,57,41,66,63,0,12,5,4,2,True,2
2022,849,367316268,27,21,G,Major,54,75,60,30,0,7,5,1,3,True,3
2021,2619,350381515,47,1,F#,Major,63,49,73,5,0,9,3,2,2,True,2
2022,9037,1264310836,124,139,F,Minor,65,19,72,10,0,13,25,2,2,True,3
2023,86,30343206,3,3,B,Minor,50,67,89,0,0,19,8,3,3,True,1
2020,1788,405136812,1,19,A,Minor,48,37,41,32,0,10,10,1,3,True,1
1968,15890,1145727611,71,653,A#,Major,74,76,70,7,0,13,3,3,2,True,1
2010,492,540654286,4,19,F#,Minor,84,52,77,12,0,7,4,3,1,True,1
2023,773,57312735,20,21,G#,Minor,62,55,80,15,0,37,7,3,3,True,1
2022,1154,397582059,28,11,F#,Minor,81,18,64,3,0,10,11,1,3,True,3
1984,44927,1479115056,34,"5,108",F#,Minor,57,86,90,2,0,9,5,4,1,True,5
2023,551,86773632,13,20,B,Minor,61,20,48,21,0,12,6,3,3,True,1
2023,577,133753727,22,15,A#,Minor,53,24,67,11,0,10,28,2,1,True,1
2023,955,123124076,37,79,B,Major,75,35,48,84,0,10,12,2,3,True,1
2022,995,463564958,12,9,B,Minor,77,79,73,15,0,27,10,4,3,True,3
2023,178,64533040,6,1,E,Major,56,53,55,53,0,12,4,2,1,True,2
2023,290,65496046,9,5,F,Minor,89,67,78,9,0,7,33,3,1,True,2
2023,547,68616963,15,6,F,Major,67,24,78,15,0,30,4,2,2,False,1
2023,681,161460990,15,21,D,Major,85,53,68,40,0,9,4,2,3,True,2
2023,332,70106975,18,5,A,Major,78,5,30,21,0,13,5,3,2,True,1
2023,1197,113509496,44,25,C#,Major,82,51,39,2,0,9,49,2,3,True,1
2023,262,89933133,8,4,G#,Major,70,42,43,78,0,11,3,2,2,True,2
2022,161,71007139,10,2,F,Minor,80,85,74,62,0,8,9,4,3,True,2
2023,185,43522589,5,4,A#,Minor,73,45,62,28,0,13,13,3,1,True,1
2023,839,232896922,20,20,A,Minor,84,64,39,3,0,11,4,2,2,True,3
2023,259,37126685,5,5,A,Minor,77,28,55,18,0,22,15,3,3,False,1
2023,2915,195576623,116,107,D,Major,78,39,53,30,0,11,6,2,2,True,2
2022,5129,532336353,116,114,D,Major,54,25,74,14,0,9,11,4,1,True,2
2022,3794,538115192,47,53,G#,Major,71,58,70,30,0,32,19,4,2,True,2
2023,588,46142772,23,31,G#,Major,62,7,62,6,0,58,6,2,1,False,1
2022,2959,401036314,41,38,F,Minor,72,45,59,14,0,20,21,1,2,True,2
2023,291,127026613,8,4,A,Minor,78,90,84,31,0,7,4,2,3,True,2
2022,2321,345031710,29,34,G#,Minor,74,61,83,11,0,35,6,1,1,True,2
2022,536,288101651,10,8,G#,Major,66,85,60,40,0,14,13,1,3,True,2
2023,359,60350538,1,9,F#,Minor,66,32,40,81,0,11,3,2,2,True,5
2022,4096,335074782,118,143,F#,Major,95,62,52,3,0,5,16,4,1,True,1
2023,349,76767396,8,5,C#,Major,80,69,78,28,0,11,14,2,1,True,2
2023,381,46065667,23,6,B,Major,76,61,58,6,0,16,3,2,3,True,2
2022,2461,459276435,47,45,E,Minor,71,59,56,4,0,27,12,3,3,True,2
2023,277,39666245,1,5,F#,Major,59,26,60,46,1,25,13,3,1,True,1
2023,967,138517666,7,51,F#,Major,63,75,92,31,0,91,5,2,3,True,1
2022,8186,822633917,155,131,C#,Major,69,69,51,63,0,38,4,3,3,True,2
2022,7842,595900742,215,330,G,Major,78,64,69,4,0,7,14,3,2,True,2
2023,215,51985779,6,8,A,Minor,43,14,74,1,0,19,8,3,1,True,1
2023,1134,57945987,39,48,G#,Major,79,58,62,11,0,11,23,2,1,True,1
2023,1305,115010040,29,43,G,Major,82,47,62,10,0,10,15,2,1,True,1
2023,2066,175097833,58,43,A#,Minor,82,54,44,6,0,33,7,2,3,True,2
2023,896,57089066,34,33,C#,Major,78,20,70,1,0,16,4,2,2,False,1
2022,3763,488386797,51,38,A#,Major,73,10,44,26,0,16,8,4,1,True,1
2023,197,32761689,3,3,F,Major,92,59,51,41,51,26,8,3,1,False,1
2022,4004,1047480053,34,43,G,Minor,80,23,48,14,0,6,5,2,1,True,2
2023,984,153454328,8,76,F#,Major,59,63,89,18,0,80,9,1,3,True,2
2023,1240,217672943,51,63,A,Major,91,63,58,52,0,31,22,1,2,True,1
2022,3995,457184829,72,47,B,Major,49,4,55,7,0,6,3,4,3,True,1
2016,7681,939844851,119,"1,145",A,Major,47,27,78,11,0,10,8,1,3,True,2
2021,4427,726434358,69,154,A#,Major,34,25,51,69,0,18,4,4,3,True,2
2022,4657,573633020,84,42,B,Minor,56,42,52,5,0,36,24,4,3,True,2
2021,10195,1406111294,258,657,F,Major,60,13,37,58,0,13,3,4,3,True,2
2023,269,71573339,7,30,A,Minor,84,55,47,26,0,20,64,2,2,True,1
2023,214,24975653,3,6,B,Major,83,25,69,4,0,23,12,3,3,False,1
2023,845,145458418,12,47,D,Major,67,55,67,60,0,80,5,1,2,True,2
2000,20763,1424589568,81,"3,271",F,Minor,95,78,66,3,0,4,6,1,1,True,2
2022,1267,231332117,41,56,F#,Minor,84,96,79,43,0,18,11,1,1,True,1
2021,2585,415932686,3,21,F#,Minor,65,46,53,16,0,9,5,1,1,True,2
2022,6330,988515741,109,158,G#,Major,44,27,32,89,0,14,5,3,3,True,1
2023,675,50847624,9,11,C#,Minor,62,56,66,18,0,12,5,2,3,True,1
2023,715,39893489,37,27,F#,Minor,50,44,76,10,0,32,5,2,3,False,1
2023,327,92035115,14,9,E,Minor,80,38,88,11,0,11,5,2,1,True,3
2023,244,118810253,6,10,G,Major,70,83,84,31,0,47,30,2,1,True,2
2023,385,77233241,17,41,F#,Minor,77,69,58,39,0,26,5,2,2,True,1
2023,1020,206399629,15,30,G#,Major,52,57,48,86,0,15,39,1,1,True,1
2023,1730,117747907,46,51,F,Major,44,36,41,50,0,38,5,2,1,True,1
2023,2127,266624541,45,53,C#,Minor,79,58,78,34,0,11,25,1,3,True,2
2022,3242,293186992,67,48,A,Major,51,27,33,48,0,22,3,2,3,True,2
2023,526,139681964,15,30,D,Major,77,94,66,65,0,38,3,1,2,True,2
2023,366,123132751,16,7,E,Minor,68,38,88,1,0,8,5,2,2,True,3
1997,472,103762518,0,6,F,Major,74,75,73,42,0,9,4,1,3,True,5
2023,432,162887075,8,12,D,Major,93,47,47,33,0,10,36,2,1,True,1
2023,271,91221625,16,9,G#,Major,77,35,88,16,0,17,9,2,3,True,3
2022,816,190490915,21,13,F#,Minor,94,71,61,12,0,53,42,2,2,True,1
2023,1169,96180277,36,28,A,Minor,60,10,57,1,0,50,3,2,2,False,2
2019,1282,185240616,26,19,D,Major,72,40,47,71,0,13,4,3,1,True,1
2022,6587,885093467,114,147,C#,Major,87,53,52,66,1,11,5,2,2,True,3
2023,1444,104992946,0,0,A,Major,90,74,68,14,0,10,19,2,3,True,5
2023,356,147290338,4,4,A,Major,57,80,59,8,0,6,5,1,3,True,2
2021,10147,1302184087,234,543,D,Major,79,82,86,28,0,4,9,4,3,True,2
2022,265,158950978,8,5,E,Minor,76,80,81,19,0,6,9,1,3,True,2
2023,351,76910644,16,10,B,Minor,76,26,70,1,0,41,6,2,2,True,2
2022,158,137123880,5,1,G,Major,70,35,41,41,0,10,3,3,3,True,1
2022,7613,782369383,180,422,G,Major,92,78,62,18,0,6,10,3,2,True,2
2022,3956,502574952,142,127,A#,Major,84,88,53,35,0,8,7,4,3,True,1
2023,1638,207033255,0,21,B,Minor,69,36,90,1,10,15,4,1,2,True,5
2022,924,404887295,17,22,F,Major,59,69,53,12,0,23,3,2,3,True,2
2022,1985,381161027,34,37,B,Minor,75,55,76,25,0,10,15,4,1,True,1
2014,6339,466231982,3,36,F,Minor,56,57,87,0,1,10,4,3,1,True,1
2021,1561,357580552,18,24,G,Minor,59,15,64,43,90,12,10,4,3,True,2
2023,875,61105704,17,27,G,Minor,80,33,70,22,0,9,4,2,2,True,1
2022,406,198275403,3,2,D#,Minor,70,77,48,37,0,12,5,1,3,True,1
2023,340,168448603,4,16,A,Minor,59,56,82,12,0,12,6,2,3,True,2
2018,4188,705469769,30,142,A#,Major,32,17,74,14,0,17,3,2,2,True,2
2023,105,34502215,5,5,B,Minor,54,19,48,36,0,37,5,2,3,False,1
2022,1524,482175240,53,62,G,Major,82,67,69,0,0,18,4,4,2,True,3
2022,2651,304118600,21,32,G#,Major,89,61,66,17,0,36,16,1,1,True,2
2018,11087,1449799467,151,801,C#,Major,45,17,60,21,0,33,4,2,3,True,3
2023,373,173627354,4,5,G,Major,62,32,76,0,0,39,4,2,2,True,2
2023,200,90025258,8,2,G,Minor,70,86,68,24,0,11,4,1,2,True,2
2021,3741,652704649,156,110,A#,Major,77,84,71,35,0,15,4,1,3,True,1
2002,32502,1829992958,247,"5,567",D,Major,70,6,73,1,0,36,26,1,3,True,2
2002,7615,655466831,18,"1,005",E,Minor,80,64,76,2,0,20,6,2,2,True,1
2023,1208,146409671,10,20,B,Major,82,53,67,34,0,9,8,2,1,True,1
2023,209,95816024,4,11,G,Minor,73,44,57,39,0,32,6,2,1,True,1
2023,1235,117206995,20,15,F,Minor,65,71,56,4,0,15,20,2,1,True,1
2023,654,100409613,11,18,B,Minor,72,79,78,55,0,15,30,2,2,True,1
2023,1479,80758350,23,18,G#,Major,71,80,65,51,0,22,32,2,1,False,5
2022,4942,325592432,190,147,G#,Major,70,70,79,7,0,18,10,4,2,True,3
2023,709,58473276,8,13,F#,Minor,48,50,80,40,0,37,20,2,1,False,1
2023,660,52722996,22,11,G,Major,73,22,86,31,0,12,4,2,2,False,1
2021,489,191945597,4,5,D,Minor,78,75,46,62,0,12,35,1,3,True,1
2023,407,77377503,16,5,B,Minor,67,11,76,8,47,30,7,2,3,False,1
2022,7461,743693613,166,199,A#,Major,71,90,73,30,0,11,5,2,2,True,1
2022,993,267789608,30,88,F#,Major,74,79,87,45,0,30,3,1,2,True,2
2020,9161,1221813483,240,468,F,Major,65,63,79,3,0,10,3,2,2,True,2
2022,3282,449701773,67,46,G,Major,59,22,38,42,0,12,3,2,2,True,2
2023,596,67070410,29,12,A,Major,72,42,66,18,4,19,4,2,1,False,1
2023,320,116334601,5,2,G,Minor,70,76,79,26,0,11,7,2,3,True,1
2022,2612,433356509,19,21,F,Major,64,18,37,72,0,12,7,4,3,True,1
2023,2040,165584767,81,66,G,Major,90,96,73,62,0,9,4,1,2,True,1
2022,2128,367814306,37,9,A,Major,73,64,85,25,0,61,3,2,2,True,2
2022,2598,477033549,28,43,F,Minor,76,46,79,31,0,7,6,2,1,True,2
2022,542,156214700,23,21,G#,Minor,81,64,79,5,0,31,3,4,2,True,1
2022,2459,448843705,20,50,A#,Major,71,57,97,1,0,13,11,1,2,True,2
1995,10624,1357608774,21,386,G#,Major,63,40,61,9,0,56,6,3,1,True,5
2022,2418,294352144,52,55,F,Minor,95,43,69,47,0,9,31,4,2,True,2
2014,7536,972164968,44,135,A#,Major,58,46,67,65,0,13,4,4,1,True,1
2017,10431,920045682,71,181,F#,Major,60,77,78,45,0,12,6,1,3,True,2
2016,15722,2420461338,231,"1,509",A#,Major,40,45,56,69,0,9,5,4,1,True,1
2015,25744,1947371785,122,"1,992",B,Minor,36,12,57,9,0,14,8,2,3,True,2
2019,1640,244658767,27,29,G#,Minor,90,64,14,67,35,11,10,2,3,False,1
2023,34,68216992,0,0,A#,Minor,71,41,31,79,0,10,5,2,1,False,5
2022,1845,223582566,20,30,C#,Major,77,72,87,17,0,7,5,1,1,True,1
2022,3301,471819764,72,64,B,Minor,83,58,83,21,0,10,5,3,1,True,2
2022,1911,272377463,23,14,A,Minor,70,34,55,43,0,16,6,1,3,False,2
2003,20111,1361425037,39,"7,341",A,Major,50,24,86,0,0,64,4,2,2,True,5
2023,1529,149778242,32,39,F#,Major,64,30,77,46,0,38,6,1,1,False,1
2023,615,116599790,22,8,B,Minor,68,81,82,53,0,9,13,2,1,True,2
2022,811,148469433,11,5,G,Major,61,92,91,0,0,26,3,1,3,True,2
2022,5730,497225336,108,197,F#,Minor,59,20,74,1,0,15,5,3,3,True,1
2023,356,88791109,4,0,F#,Minor,64,67,80,0,0,36,3,2,2,True,1
2023,604,125917280,22,0,D#,Minor,66,43,76,49,0,12,3,2,3,True,2
2023,1190,105062254,29,18,C#,Minor,84,44,67,8,0,11,6,1,3,False,1
2023,579,95623148,11,0,G#,Major,56,72,85,0,0,15,3,1,1,False,2
2023,1553,144584800,61,48,F,Major,57,68,76,7,0,33,3,1,1,True,1
2022,2301,298063749,49,110,D,Minor,74,51,45,86,0,21,38,1,3,True,1
2023,134,166570053,4,0,D,Major,56,20,43,89,0,12,4,1,2,True,1
2023,430,83021468,15,0,D,Major,68,83,81,9,0,8,4,1,3,False,1
2022,86,139836056,11,0,A,Major,59,44,56,80,0,6,3,4,1,False,2
2022,629,303216294,32,9,G#,Major,73,65,79,5,2,11,6,4,1,True,1
2022,1701,221409663,30,34,G,Minor,79,66,74,8,0,11,5,1,2,True,1
2023,329,58890931,14,1,E,Major,50,49,76,12,0,12,3,2,3,False,1
2023,1168,81419389,45,20,C#,Major,70,29,73,12,0,11,26,2,1,False,1
2022,162,156777415,1,1,B,Major,58,26,38,91,0,10,4,2,3,True,1
2022,2536,284908316,59,58,G,Major,36,28,28,81,0,18,3,1,1,True,2
2023,387,93438910,11,14,F#,Major,86,68,79,39,0,11,29,1,3,True,1
2022,892,363472647,20,12,E,Minor,59,78,94,27,0,29,23,3,1,True,3
2011,3909,372476382,66,277,A,Minor,59,49,65,2,0,13,3,1,1,False,1
2022,3645,380726517,118,150,D,Minor,87,82,70,42,0,21,5,4,3,True,1
2023,282,56533272,6,0,D,Major,49,48,67,10,0,26,3,2,3,False,1
2023,888,175399345,11,7,E,Minor,72,96,63,25,0,21,7,1,3,True,1
2022,968,203221468,16,1,F#,Major,53,51,70,49,0,14,3,2,3,True,2
2000,25065,1624165576,63,"6,808",D#,Minor,55,40,90,1,0,32,6,4,1,True,5
2022,531,134294498,20,71,F,Major,81,97,77,75,0,35,3,1,3,True,1
2022,242,70069745,12,13,E,Minor,82,61,59,30,0,12,4,3,2,False,1
2022,5281,609293408,94,80,F,Major,74,43,69,12,0,12,7,3,1,True,1
2022,2590,671365962,20,35,A#,Major,88,43,50,7,0,14,5,2,2,True,2
2022,1769,362361576,16,21,F,Minor,76,49,56,80,12,10,13,4,1,True,1
2022,454,93587665,6,21,C#,Major,53,40,36,73,0,11,33,1,1,True,1
2021,6180,1223481149,122,580,B,Minor,72,59,76,24,0,42,28,4,1,True,2
2017,3600,1022258230,7,203,B,Minor,75,18,25,78,0,11,26,3,3,True,5
2022,1254,263453310,26,73,C#,Major,65,72,95,31,0,92,5,4,3,True,2
2019,6398,1435127549,177,305,G,Major,75,43,65,15,0,11,32,3,3,True,3
2022,660,236857112,19,18,B,Major,73,88,57,56,0,5,2,4,1,True,2
2023,1283,147538971,57,48,B,Minor,66,47,40,72,0,11,3,1,2,False,1
2020,8084,698086140,45,218,F,Minor,66,16,57,10,1,12,3,1,2,True,3
2022,2332,723894473,0,25,A#,Minor,84,72,74,10,0,34,7,3,2,True,5
2023,203,34450974,5,0,F,Major,53,61,81,5,0,36,4,2,3,False,1
2020,685,403097450,24,9,F#,Minor,60,52,76,17,0,19,5,2,3,True,2
2022,2460,309483971,53,56,F,Minor,74,64,73,6,0,10,6,4,1,True,1
2022,288,319566866,11,1,F#,Minor,70,40,51,35,0,10,4,4,1,True,2
2022,4572,909001996,74,85,F,Minor,80,29,67,29,0,12,3,2,1,True,3
2021,6127,1061966512,0,0,A,Major,58,42,68,1,0,14,4,4,1,True,5
2023,166,32526947,2,0,A,Major,53,32,66,38,0,9,3,2,2,False,1
2023,1838,124988687,105,114,F#,Minor,56,56,63,13,0,19,27,1,3,False,1
2023,1890,103787664,86,49,C#,Major,70,84,90,17,0,41,6,1,2,False,1
2023,2098,134255790,88,101,G#,Major,64,25,89,0,0,15,9,1,2,True,1
2022,761,301051721,23,11,A#,Minor,88,82,80,8,0,11,8,4,1,True,2
2022,1225,156338624,27,28,F,Major,66,74,84,25,0,21,4,4,3,False,5
2023,415,152850295,15,21,D#,Major,79,60,68,7,0,26,4,1,1,True,1
2022,3469,309653982,71,31,D#,Minor,82,55,45,15,3,9,10,4,2,False,2
2022,3311,297328960,129,212,A,Major,25,17,30,90,0,13,3,4,3,False,1
2022,2616,332506354,113,208,D,Minor,64,31,72,15,0,9,5,4,3,False,1
2016,3006,480507035,47,87,E,Minor,57,47,84,1,1,52,4,4,3,True,2
2019,4260,1065580332,113,259,B,Minor,65,80,86,9,0,19,10,2,2,False,2
2016,482,122763672,9,12,D,Major,92,73,51,55,0,15,6,4,3,False,1
2022,4013,445763624,107,750,B,Major,81,82,78,38,0,12,4,1,2,True,1
2022,138,1365184,13,2,G,Major,82,62,74,10,0,33,7,1,1,True,2
2022,1368,184308753,12,11,F#,Minor,44,38,77,9,0,9,20,4,2,False,1
2015,17852,789753877,69,335,D,Minor,51,62,79,22,13,14,3,1,3,True,2
2022,889,323358833,11,35,A,Major,71,34,88,16,0,44,4,4,2,True,2
2022,4796,606361689,124,212,F,Major,70,57,64,23,0,8,32,2,3,True,2
2023,658,120972253,33,53,A#,Minor,68,83,71,3,0,31,8,1,1,True,1
2022,3009,338564981,68,65,E,Minor,41,9,25,84,1,14,4,3,3,True,2
2014,17492,1606986953,136,"1,959",F,Major,68,50,49,56,0,8,4,1,1,True,1
2020,6170,1301799902,82,231,F,Major,47,25,43,62,0,32,3,2,1,True,1
2022,130,140187018,21,2,G#,Minor,77,65,80,6,0,15,4,1,2,True,2
2017,27705,1897517891,537,"2,726",A,Minor,79,59,86,4,0,8,11,3,2,True,3
2023,359,107642809,12,13,A#,Minor,71,83,89,1,0,17,9,1,2,False,2
2022,1963,551305895,57,77,A,Major,80,71,69,2,0,27,10,3,1,True,3
2022,5491,556585270,128,75,C#,Major,46,34,64,31,0,7,34,2,1,True,2
2019,27119,2303033973,532,"1,535",B,Minor,79,68,79,1,0,10,8,4,2,False,2
2014,1776,646886885,1,3,G#,Major,58,4,60,7,41,8,3,3,3,True,1
2022,1473,222612678,27,66,B,Major,64,61,91,15,0,72,4,4,3,True,2
2021,13315,1814349763,300,690,D#,Minor,74,89,70,2,0,5,6,3,3,False,1
2020,4057,872137015,78,240,E,Minor,41,9,61,2,0,12,5,1,3,True,1
2015,3045,571386359,43,134,G#,Minor,40,23,48,5,0,12,3,2,3,True,2
2022,3006,304079786,54,66,F,Major,87,20,83,0,4,31,9,4,2,True,1
2022,852,174006928,14,50,G,Major,87,52,52,31,0,28,24,4,1,False,1
2022,2163,284785823,72,58,G#,Major,40,39,64,21,0,7,7,3,1,True,2
2022,1484,163284000,22,12,A,Minor,46,60,28,91,0,21,4,1,2,False,1
2022,1703,246390068,38,36,G#,Major,47,15,52,38,13,29,5,4,3,False,1
2022,4169,482257456,57,183,F#,Major,91,97,57,38,0,40,29,3,3,True,1
2022,1054,168684524,9,15,G,Major,90,76,81,15,24,33,6,4,1,False,5
2022,2849,78489819,39,27,C#,Minor,81,6,84,5,23,6,6,1,3,False,1
2022,1602,195516622,12,12,G,Minor,49,24,66,19,0,18,29,1,1,False,1
2021,9644,1260594497,120,164,C#,Major,64,44,65,28,0,14,12,3,3,True,2
2022,4827,428685680,104,76,D,Major,95,91,89,6,0,31,24,3,3,False,1
1985,21811,1024858327,117,676,A#,Minor,63,20,55,72,0,6,6,4,2,False,1
1973,168,838586769,0,5,F,Minor,39,24,43,39,0,23,3,1,1,False,5
2022,688,199386237,14,17,B,Minor,80,46,62,3,6,11,46,3,1,False,1
2021,10565,972509632,238,557,F#,Minor,67,26,64,52,0,17,10,3,2,True,3
2022,1612,213438580,34,34,D,Minor,58,17,62,18,0,20,8,4,3,False,2
2020,12755,1555511105,344,945,B,Minor,81,59,90,5,0,36,3,4,2,True,2
2022,574,210038833,38,26,C#,Major,58,29,94,0,0,9,11,4,1,True,2
2022,2499,227918678,70,49,A,Major,70,31,34,60,1,11,4,2,1,False,5
2020,10426,826623384,133,182,C#,Minor,46,53,78,23,0,72,6,1,2,True,3
2020,15894,1802514301,198,544,F#,Minor,70,92,83,1,0,7,6,2,1,True,1
2021,9424,1329090101,202,463,F,Minor,82,88,76,9,0,12,9,3,2,False,1
2022,713,181831132,2,6,F,Minor,65,36,47,31,0,12,10,4,1,True,1
2022,7758,462791599,173,175,C#,Minor,84,70,69,1,0,5,5,2,2,True,2
2022,2537,348647203,8,20,D,Major,69,40,39,41,0,13,6,4,2,True,1
2022,292,366599607,26,4,C#,Major,58,44,57,57,0,10,3,3,1,True,2
1930,323,90598517,4,14,F#,Minor,65,49,80,22,4,7,5,1,2,False,5
2012,14143,1479264469,56,"1,891",E,Major,74,51,74,2,0,29,4,1,2,True,1
1994,25653,1449779435,387,"2,094",G,Major,34,33,63,16,0,7,4,4,3,False,3
1984,22153,1159176109,274,"1,302",B,Minor,74,88,65,28,0,46,3,1,2,False,3
1958,14994,769213520,191,206,G#,Major,70,85,41,71,0,45,5,1,3,False,3
1957,10326,741301563,165,104,D,Major,74,78,37,84,0,6,3,1,2,False,2
2011,12353,807561936,35,549,E,Major,35,38,23,91,0,29,3,4,1,False,5
2013,9408,834129063,231,439,G,Major,46,53,63,5,0,30,18,1,3,False,3
1963,8879,663832097,182,160,G,Major,24,76,60,77,0,12,4,4,3,False,3
1959,6512,446390129,88,277,C#,Major,45,72,24,91,0,18,4,4,3,False,1
2017,5140,690104769,85,500,C#,Major,72,33,51,48,0,9,3,1,1,False,3
2013,6596,485285717,144,251,G#,Major,51,69,81,0,0,21,5,4,3,False,2
1970,3788,520034544,21,10,D,Major,50,96,82,47,0,34,4,4,3,False,1
2011,7655,476244795,5,291,G,Major,65,70,47,87,0,9,4,4,3,False,5
2011,9577,629173063,195,310,F#,Minor,67,88,54,51,0,9,4,1,3,False,3
1963,10114,404664135,114,262,D,Major,53,84,77,40,0,32,3,4,1,False,2
2022,1007,98709329,5,1,C#,Major,65,35,65,44,18,21,7,1,3,False,1
2022,1127,110849052,16,8,A,Minor,71,55,26,85,0,13,8,1,1,False,2
1971,10829,460492795,130,390,D,Major,33,39,61,32,0,77,3,1,3,False,1
2022,1042,94005786,7,3,A#,Minor,73,71,69,53,0,32,9,1,3,False,1
1952,7930,395591396,108,73,C#,Major,67,81,36,64,0,15,3,1,3,False,3
1946,11500,389771964,140,251,C#,Major,36,22,15,84,0,11,4,4,3,False,2
1979,1685,403939487,1,29,B,Major,75,74,58,36,0,9,3,4,1,False,5
1984,14169,481697415,209,449,C#,Major,60,23,57,0,2,27,3,4,2,False,1
2022,1634,110073250,16,4,F#,Major,62,59,43,84,3,11,5,1,2,False,1
2022,906,88092256,6,3,A,Major,60,19,20,78,0,11,5,1,1,False,1
1984,1087,351636786,90,5,C#,Minor,72,91,87,14,0,13,3,1,1,False,1
1950,10585,473248298,126,406,D,Major,60,86,32,88,0,34,6,1,3,False,3
2022,827,73981293,6,1,G,Minor,51,51,66,67,0,9,23,1,2,False,1
2022,1420,155653938,13,17,A,Major,67,22,59,76,1,15,16,1,1,True,2
1942,11940,395591396,73,123,A,Major,23,19,25,91,0,40,3,1,1,False,2
1986,888,429504768,50,6,A,Major,51,87,58,36,0,18,4,1,3,False,5
1963,9122,242767149,121,212,D#,Major,34,35,76,39,0,8,5,4,2,False,2
2022,892,65362788,3,2,F,Major,43,42,44,57,0,15,6,1,3,False,1
2022,989,67540165,5,1,D,Major,53,47,74,9,0,34,4,1,1,False,1
2022,819,62019074,14,0,F,Major,72,78,68,28,0,11,12,1,3,False,1
2017,2209,135723538,72,141,F#,Major,59,60,94,24,0,10,4,4,2,False,2
1958,6290,295998468,89,158,G,Major,73,72,32,77,0,15,5,1,2,False,1
2000,6952,261116938,115,286,C#,Major,67,69,72,17,0,19,3,4,3,False,2
2022,313,136689549,10,7,B,Minor,70,92,59,3,0,10,3,4,1,True,1
2022,353,135611421,2,14,G#,Major,49,42,77,3,0,12,9,1,3,True,2
2021,4094,356709897,66,43,G,Minor,54,41,39,51,0,11,16,1,2,False,2
2022,880,110649992,3,10,G#,Major,80,15,54,9,0,38,5,1,2,False,1
2022,573,301869854,1,18,C#,Major,70,57,57,9,20,11,7,4,3,False,5
1959,3299,127027715,65,41,F#,Minor,69,96,36,81,0,8,4,1,2,False,1
2022,811,57144458,6,3,G#,Major,47,33,68,24,0,22,38,1,1,False,1
2022,899,56870689,2,2,C#,Major,79,77,46,5,0,11,7,1,3,False,1
2022,2415,323437194,33,30,A,Major,66,19,32,69,0,12,4,4,2,False,2
2022,2304,317726339,12,14,G,Major,64,4,40,6,0,10,6,4,2,False,1
2022,1003,116144341,21,44,E,Minor,89,48,74,30,0,7,36,4,2,False,5
2022,2699,328207708,39,22,G,Major,70,39,56,6,0,9,7,4,3,False,1
2022,2482,608228647,27,22,B,Minor,80,42,68,2,0,66,4,2,2,True,2
2005,2577,180577478,108,30,F,Major,63,93,88,1,0,12,4,4,1,False,2
2021,6821,809306935,83,128,C#,Minor,87,51,69,36,0,9,8,3,1,True,2
2022,714,49262961,0,2,B,Major,45,35,68,78,0,39,8,1,2,False,1
2022,3185,614555082,38,37,A,Major,83,47,80,2,0,24,9,2,1,True,2
1958,8612,245350949,120,52,G,Minor,69,94,71,79,0,7,8,1,3,False,1
1957,4326,178660459,32,65,G#,Major,51,94,34,73,0,10,5,1,3,False,1
2022,680,51641685,2,1,D,Major,61,48,55,67,0,16,8,1,2,False,1
2022,398,78139948,2,6,F,Minor,33,51,59,76,0,44,6,1,1,False,1
2022,3328,322336177,39,57,B,Minor,63,34,86,26,0,21,39,3,1,True,1
2021,7215,1007612429,170,575,E,Major,70,42,54,30,0,37,5,3,2,False,1
2022,4440,326792833,81,133,G,Major,70,91,79,3,0,7,10,1,2,False,2
2022,2881,391251368,13,34,A,Minor,70,60,58,4,0,16,3,1,3,True,2
2022,2235,349585590,65,70,F,Major,60,45,47,62,0,31,5,1,2,False,1
2022,3711,339659802,49,62,A#,Minor,65,82,74,27,0,32,5,1,1,False,2
2021,12403,674772936,183,465,B,Minor,85,64,81,2,5,7,9,3,2,False,2
2021,2785,432719968,95,44,D,Minor,58,83,45,36,0,11,8,4,3,False,2
2021,14114,1309887447,252,965,G,Major,76,44,77,1,0,13,3,3,2,True,3
2022,1915,119238316,7,15,G,Minor,80,62,51,2,0,9,8,1,2,False,1
2022,2297,116903579,11,14,F#,Minor,74,35,73,0,0,21,5,1,2,False,1
2017,4375,888046992,24,396,B,Minor,67,50,67,15,0,30,4,3,2,False,5
2022,2800,200660871,18,61,G,Major,53,50,79,0,0,8,3,1,3,False,2
2021,2597,130655803,17,38,A#,Minor,70,35,77,1,0,26,4,3,2,False,2
2021,15563,1887039593,259,461,F#,Minor,56,68,66,28,0,11,18,2,3,True,2
2022,1420,88103848,7,7,C#,Major,41,27,64,36,0,60,3,1,3,False,1
2022,1292,101114984,3,14,E,Minor,49,49,59,44,0,35,21,1,1,False,1
2021,15867,1575467011,382,497,G#,Major,77,74,66,30,0,13,3,2,2,False,2
2022,1178,91656026,9,9,D,Major,75,85,84,10,0,31,19,1,2,False,1
2021,6672,1042568408,125,150,C#,Major,66,19,61,30,0,9,7,3,2,False,1
2020,12329,1735441776,275,738,G#,Minor,61,76,51,30,0,38,15,4,3,False,1
2019,5669,726837877,74,262,F,Minor,74,53,73,61,0,13,4,3,1,True,5
2022,811,53933526,1,6,A,Minor,27,10,49,62,0,49,5,1,1,False,1
2021,1756,267758538,38,20,D,Major,65,37,58,2,0,4,31,4,3,False,1
2022,1014,74601456,1,11,A,Minor,28,13,41,50,0,19,3,1,1,False,1
2021,7963,920797189,173,298,C#,Minor,74,55,85,1,0,5,22,4,1,False,1
2021,4771,539595276,68,75,C#,Major,68,72,78,4,0,7,5,4,1,False,1
2017,8559,1367810478,183,964,B,Minor,71,59,80,13,0,36,5,1,3,False,2
2020,3221,578207856,67,139,D,Major,75,36,76,12,0,10,10,4,2,True,1
2021,3423,775542072,61,53,E,Minor,64,14,70,9,0,9,8,4,3,True,2
2021,2566,863625566,44,131,C#,Minor,83,40,55,16,0,14,23,4,3,True,3
2021,9151,656013912,240,268,G,Minor,75,46,76,3,0,9,4,4,2,True,3
2021,8476,1056760045,138,283,G#,Major,31,31,24,76,0,14,4,3,1,False,3
2021,7495,611994237,114,284,E,Minor,56,16,67,0,0,11,4,4,2,True,3
2021,5257,1230855859,85,134,D#,Major,29,12,33,68,0,12,5,2,3,True,1
2021,1795,582981380,34,118,G#,Minor,59,69,61,84,0,46,36,4,3,False,1
2021,12685,1858144199,185,485,A#,Major,59,21,43,76,0,10,7,1,3,True,2
2021,648,240684449,14,81,F#,Minor,82,52,61,38,0,14,27,4,3,True,1
2021,4635,583687007,50,30,A#,Major,63,21,52,28,0,9,3,4,1,True,1
2022,1184,63803529,1,6,A#,Major,77,25,62,34,0,23,3,1,2,False,1
2021,4431,466214729,105,199,C#,Major,53,55,73,9,0,3,5,4,1,False,1
2022,759,236940480,32,12,F,Minor,70,61,44,40,0,37,4,1,3,True,5
2022,733,41924466,0,2,F,Minor,46,55,50,71,0,10,11,1,1,False,1
2021,2795,225259194,45,107,A#,Major,65,46,47,12,0,13,16,4,3,False,5
2021,2780,393230256,54,57,E,Minor,79,79,70,57,0,66,8,4,1,True,1
2021,1950,287201015,56,104,G,Major,40,7,29,62,0,9,3,1,1,False,1
2018,3947,599770206,33,93,D,Major,57,36,58,5,0,15,3,2,1,True,3
2021,2551,342779426,52,35,D,Major,83,11,41,0,0,36,14,4,1,False,1
2021,5375,673801126,138,133,C#,Major,73,79,86,42,0,7,18,3,3,True,1
2020,11975,1168642797,188,268,D#,Minor,81,57,63,40,1,10,4,4,2,True,2
2019,2696,540539717,42,57,G#,Major,58,44,60,44,9,5,6,3,2,False,1
2021,4963,383550148,63,76,D,Major,63,85,62,6,0,35,4,4,1,False,1
2020,6734,530511203,47,90,D,Major,77,40,47,2,0,9,3,2,1,False,1
2022,715,37307967,0,2,A#,Major,44,52,94,11,0,4,29,1,2,False,1
2021,3047,510876816,77,85,B,Minor,75,93,86,8,0,14,3,4,2,True,1
2021,14140,1445941661,231,612,B,Major,63,49,68,38,0,42,18,2,1,False,2
2020,11215,1763363713,189,525,E,Minor,73,14,57,40,0,11,5,4,2,True,3
2021,1678,374191487,20,15,C#,Minor,66,76,82,47,0,10,32,1,1,True,1
2022,2035,108809090,41,394,D,Minor,56,58,55,35,0,23,11,1,1,False,3
2021,2780,436695353,86,59,A,Minor,73,60,85,17,0,24,5,4,1,True,2
2021,4091,421040617,105,73,B,Minor,72,67,68,0,0,14,4,4,2,False,1
2020,2868,501541661,43,116,A,Major,70,57,49,19,0,12,8,3,1,False,1
2021,3643,354065229,69,70,C#,Minor,86,31,53,43,0,11,6,4,2,False,1
2021,4779,1143647827,180,223,G#,Major,79,70,36,0,0,6,11,2,2,True,3
2022,3517,311395144,54,43,C#,Minor,77,49,42,1,1,13,19,1,1,False,1
2021,5073,672656250,83,100,G#,Major,83,44,62,2,0,8,6,3,2,False,1
2021,7545,1256880657,117,141,A,Major,44,22,60,61,0,42,9,2,3,True,1
2020,8528,1692897992,239,583,F#,Minor,75,74,77,1,0,9,10,3,2,True,3
2021,2979,245095641,44,159,D,Major,74,39,65,5,1,11,35,4,3,False,5
2019,7731,686734357,110,447,D,Major,66,18,68,9,0,12,4,1,1,True,3
2021,1057,261414174,17,21,D,Major,67,78,63,29,0,12,5,4,1,False,1
2021,3272,610045621,101,70,F#,Major,66,63,69,21,0,11,7,3,3,True,1
2021,14417,1115880852,237,569,F,Major,59,72,62,18,0,9,3,2,3,False,3
2021,5199,594482982,45,45,F,Minor,85,22,37,13,0,7,30,4,3,False,1
2021,6026,566954746,171,187,B,Minor,77,51,79,20,0,26,6,3,2,False,1
1970,2877,213427660,16,54,A,Major,53,75,69,7,0,17,3,1,2,False,5
2021,4640,374706940,81,507,B,Minor,77,82,30,95,0,13,5,4,3,True,2
2021,1150,184937148,20,12,C#,Major,59,56,63,12,0,6,36,4,3,False,1
2022,768,31959571,1,3,A,Minor,46,23,48,75,30,14,4,1,2,False,1
2021,925,167076418,24,74,G#,Major,42,47,36,76,0,9,5,4,1,False,1
2015,3006,824420218,23,121,A,Major,35,41,94,0,63,5,5,2,3,True,1
2021,3098,363467642,111,182,A#,Major,77,51,79,5,0,16,5,4,2,False,1
2015,9771,1127468248,42,384,A#,Major,59,33,52,7,15,12,3,4,1,True,2
2022,807,60680939,3,5,C#,Major,68,29,73,0,0,7,7,1,3,False,5
2021,521,247737946,17,11,A,Major,83,59,73,6,0,5,11,1,2,True,2
2020,12854,1699402402,237,636,G,Minor,70,76,72,22,0,27,4,3,1,False,1
2021,802,154797871,13,8,E,Major,72,54,71,26,0,10,4,4,2,False,1
2021,731,198883004,14,24,F,Major,86,86,79,11,0,8,9,4,2,False,1
2022,788,124407432,13,32,A#,Major,63,31,35,93,0,29,3,1,2,False,5
2021,3069,850608354,25,105,F#,Major,39,36,45,81,0,8,13,2,3,True,1
2021,4651,376333030,24,105,C#,Major,80,21,55,1,0,26,17,3,2,False,1
2021,4999,516784627,43,73,G#,Minor,91,79,66,32,0,9,16,3,1,False,1
2019,8327,1608045237,205,625,D#,Major,45,19,60,63,0,9,6,4,2,True,3
2020,3297,506778838,25,52,D,Major,79,56,91,26,0,13,21,1,3,True,1
2010,35684,1472799873,195,"6,280",G#,Major,73,52,76,13,0,5,3,4,1,True,3
2021,3506,513643924,103,100,F,Major,76,63,77,14,0,15,22,3,3,True,2
2021,2999,261286503,60,154,G,Minor,96,71,42,57,0,8,9,1,2,False,1
2021,3681,783706581,20,99,A,Major,40,19,29,86,0,34,4,2,3,False,1
2021,4846,422691058,54,259,C#,Major,67,40,90,3,0,34,6,2,1,True,1
2020,14311,1062345656,255,582,G#,Minor,80,24,62,41,2,11,23,1,2,False,1
2020,8207,1252563873,175,95,A,Major,73,66,80,44,0,9,12,4,3,False,2
2021,4873,851070493,65,434,C#,Major,75,96,61,0,0,18,4,2,3,False,2
2021,772,263894529,7,89,G#,Minor,46,62,83,53,0,97,28,4,3,False,1
2021,1150,345903614,20,44,A,Major,81,92,90,9,0,8,7,4,2,False,2
2020,5398,951637566,111,210,F,Major,61,59,46,56,0,13,5,1,2,True,3
2016,7370,956865266,92,"1,219",G,Major,74,45,89,5,0,26,13,4,1,False,3
2021,6890,427486004,122,201,G#,Minor,79,79,84,2,0,5,5,3,2,False,1
2016,1966,156658366,4,50,E,Minor,73,31,45,85,24,11,3,2,1,False,1
2021,2226,624515457,29,44,F#,Minor,78,65,52,46,0,12,31,2,3,False,5
2017,4204,777765388,39,250,G,Major,60,11,33,90,0,8,5,2,2,False,1
2021,1959,412795151,19,38,A,Major,45,12,57,7,0,23,3,3,1,False,5
2019,7191,1138474110,146,478,E,Minor,78,47,70,18,0,15,9,1,3,False,1
2021,2012,355219175,101,38,G#,Major,76,58,84,10,0,13,10,4,1,False,1
2021,1211,290228626,30,5,F#,Major,63,76,67,38,0,6,4,3,1,True,1
2010,7109,1062956628,5,862,C#,Minor,52,7,61,51,0,11,3,4,3,True,5
2020,6638,1180094974,167,318,E,Major,64,8,37,79,0,9,5,2,2,False,1
2014,17354,1456081449,92,"1,282",F#,Major,53,66,85,2,0,24,4,1,2,True,3
2021,6392,432702334,174,344,G#,Major,75,53,74,2,0,11,5,3,2,False,2
2021,5481,489945871,144,86,B,Minor,80,33,60,0,0,32,14,4,3,False,1
2021,2636,465959382,36,39,A,Minor,77,26,63,58,0,11,5,3,1,True,2
2021,824,1223481149,8,8,G,Major,73,54,74,23,0,41,23,4,1,False,1
2019,24529,2864791672,533,"3,595",F#,Minor,82,54,59,69,0,18,10,2,1,False,3
2017,14749,2288695111,188,710,B,Minor,44,22,48,38,0,33,24,3,1,False,1
2021,8087,720825549,92,131,G#,Major,89,77,82,3,0,17,11,1,1,False,1
2013,27221,2086124197,308,"4,534",G#,Major,42,33,26,92,0,13,3,3,2,False,3
1991,49991,1690192927,265,"12,367",C#,Major,52,73,91,0,0,11,7,4,2,True,3
2019,6646,991336132,107,584,A,Minor,45,27,33,82,0,14,4,2,1,False,1
2021,5403,593917618,118,96,C#,Major,67,29,47,5,0,22,26,4,3,True,3
2021,755,200972675,22,0,C#,Major,52,68,69,13,0,33,8,4,1,True,1
2022,254,71014967,0,23,G#,Major,41,65,88,0,0,26,5,1,3,False,1
2021,6308,560222750,114,63,C#,Major,71,14,61,1,0,23,33,3,3,True,1
2003,51979,1806617704,306,"5,063",C#,Major,35,24,93,0,0,10,8,4,3,True,2
2022,246,77337771,2,10,E,Minor,60,40,89,9,0,60,6,1,2,False,1
2021,6556,528544703,93,67,F#,Minor,74,79,66,11,0,8,16,3,3,False,1
2019,5728,865640097,85,179,B,Major,75,19,46,21,4,34,8,4,1,False,2
2018,16636,2159346687,368,"2,854",G,Major,57,30,40,38,0,26,3,4,1,True,3
2022,461,211372494,10,17,G,Minor,74,65,67,46,0,36,4,1,3,False,2
2021,4893,651732901,143,110,G,Major,72,67,72,0,0,13,4,2,2,True,1
2021,1801,608334048,77,74,A,Major,70,65,74,1,0,34,4,3,2,True,3
2021,12043,863756573,209,710,D,Major,82,80,86,1,0,30,13,1,2,False,2
2021,4731,797402345,141,78,F#,Major,79,44,54,41,0,13,24,2,1,False,1
2002,22923,1695712020,78,"2,515",C#,Major,55,10,85,7,0,8,20,2,3,False,1
2019,9974,1759567999,272,"1,066",B,Major,77,60,32,84,0,8,5,4,1,True,2
2021,1560,223319934,72,0,G,Minor,56,61,76,10,0,14,11,3,1,False,5
2022,620,54937991,17,3,F,Minor,90,74,54,16,0,13,28,1,2,False,1
2021,3270,226897599,89,65,A,Major,69,70,89,4,0,49,3,1,2,False,1
2021,580,258316038,24,93,F#,Minor,80,62,69,28,0,13,7,4,2,False,2
2021,3406,596152090,61,70,D,Major,85,92,54,16,0,29,7,2,1,True,1
2021,903,177129919,30,15,F#,Minor,63,75,75,17,0,11,8,4,1,False,1
2022,6809,716591492,151,175,E,Minor,84,90,70,9,0,14,8,1,1,True,3
1999,33966,1210599487,141,"6,591",B,Major,81,53,78,18,0,6,24,1,1,False,2
2022,590,246376690,4,20,D,Minor,51,50,76,30,0,10,7,1,2,True,3
2022,3766,496311364,76,102,G,Minor,35,23,61,23,0,19,6,1,3,False,5
2022,1430,146789379,46,34,G,Major,53,31,31,92,0,28,3,1,3,False,1
1999,31762,843309044,142,"5,451",D#,Minor,92,31,89,3,0,8,25,1,1,False,1
2022,4049,500340342,119,85,F#,Major,69,91,63,11,0,9,31,1,3,False,1
2022,2096,107255472,34,30,G#,Minor,47,50,80,10,0,32,38,1,3,False,1
2022,1175,135079152,34,31,G,Major,52,44,60,40,0,26,3,1,2,False,1
2012,29499,822239726,124,587,A#,Minor,91,49,61,3,0,17,22,1,2,True,1
2002,30427,1202722675,235,"5,221",F#,Minor,90,79,71,26,0,7,37,1,1,True,3
2022,2711,343197054,105,51,D,Minor,61,65,64,1,0,12,4,1,3,False,1
2013,4310,240769997,13,113,C#,Major,60,37,71,8,0,48,4,3,2,False,5
2019,5342,426204830,33,7,D#,Major,37,17,67,2,0,34,9,3,3,False,3
2016,2393,421135627,22,65,A,Major,31,30,88,7,0,8,8,3,3,False,1
2019,3444,554875730,24,102,B,Major,57,23,66,4,6,15,4,4,3,True,2
2019,5443,467727006,45,80,F,Minor,46,43,43,23,8,8,22,3,1,False,1
2020,272,327498031,7,2,F,Minor,84,49,72,8,0,15,8,3,1,True,1
2021,975,185408548,11,10,D,Major,60,47,62,3,0,38,4,1,3,False,5
2022,1034,245400167,19,12,F,Minor,67,74,75,44,0,7,30,1,3,True,1
1995,18773,579395142,128,"1,663",G,Major,77,76,84,3,0,38,4,1,1,False,1
1999,19067,675039469,78,"1,674",G#,Major,93,61,74,9,0,17,8,1,3,False,1
2021,3541,252871192,57,50,B,Minor,31,4,86,1,0,28,17,4,3,True,1
2021,1492,231996128,44,91,A,Major,76,92,62,6,0,8,13,1,1,False,2
2017,33206,1929770265,284,"1,481",C#,Minor,91,42,60,0,0,9,12,2,3,True,3
1999,17115,918915401,83,"4,180",F#,Minor,78,53,74,4,0,45,21,4,1,False,2
2020,6955,1180896317,65,398,A#,Minor,81,83,75,14,0,29,34,1,3,False,1
2017,2742,498960285,5,62,G#,Major,67,8,54,27,0,8,4,4,2,False,1
2020,4214,685071800,21,40,B,Major,86,89,79,17,0,11,6,1,1,True,1
2022,2026,258714692,47,42,G#,Minor,74,61,52,30,0,26,9,1,1,False,1
2022,352,143139338,10,39,D,Minor,79,86,52,66,0,9,7,1,3,False,5
2021,1517,209768491,42,15,D,Minor,73,37,74,28,0,14,6,4,1,False,1
2022,847,64714573,25,14,B,Major,89,75,70,6,0,13,5,1,3,False,5
2022,910,50746620,20,24,C#,Major,65,60,60,11,0,10,40,1,1,False,1
2022,601,154119539,28,64,F,Minor,89,89,86,16,0,8,5,1,3,False,2
2021,1800,181328253,43,46,G#,Minor,51,66,53,60,0,11,18,4,3,False,1
2015,1930,370068639,3,28,D#,Major,47,44,76,8,91,9,3,3,1,False,5
2014,33032,2280566092,363,"3,895",D,Major,78,58,45,47,0,18,3,1,1,False,3
2019,6332,563902868,47,266,F,Major,31,31,63,47,27,21,12,4,1,False,3
2021,509,317622165,8,6,F,Major,44,18,38,70,0,12,4,1,3,True,3
2022,971,291709698,35,93,D#,Minor,73,68,83,55,0,90,7,1,2,True,3
2019,2578,203680270,8,66,G#,Minor,39,45,55,73,0,9,21,4,1,False,2
2022,1064,81350745,42,26,C#,Minor,84,54,51,47,0,12,40,1,2,False,1
2019,3618,282883169,21,138,E,Minor,56,19,46,92,72,11,3,4,1,False,2
2022,1040,64787943,8,29,C#,Major,92,62,86,11,0,24,24,1,2,False,5
2019,15010,2484812918,453,"1,785",A,Minor,76,77,52,4,0,8,3,3,2,True,1
2019,4708,461437791,13,55,F,Minor,62,46,73,10,0,67,11,2,3,False,1
2019,13454,1439191367,246,519,G#,Major,68,57,77,2,0,10,5,1,1,True,2
2020,4890,759208783,52,100,C#,Major,74,59,87,3,0,8,5,1,1,True,1
1991,9514,368646862,45,"1,197",G#,Major,44,8,20,74,42,11,3,4,2,False,1
2022,3501,299634472,69,51,G,Major,81,68,63,17,0,10,22,2,2,False,1
2022,6111,756907987,185,492,G#,Major,76,96,70,18,0,33,4,2,1,True,1
2022,5415,682475162,46,53,A#,Minor,87,82,53,10,0,5,8,1,1,True,1
2021,4673,546191065,123,180,E,Minor,81,40,73,15,0,9,8,4,1,True,3
2022,1856,229473310,29,31,G,Major,95,36,37,35,0,10,28,2,2,True,1
2022,200,202677468,12,0,F#,Major,64,76,44,70,9,12,4,2,1,True,1
2022,1888,121913181,26,58,D#,Minor,28,26,20,19,0,30,3,1,1,False,1
2022,911,208166039,45,99,A,Minor,78,55,57,4,0,10,8,1,3,True,5
2004,2954,527033089,18,0,A#,Major,81,56,70,4,0,5,24,2,1,True,2
2022,461,94616487,7,13,C#,Minor,59,70,74,56,0,11,40,2,1,False,1
2021,2844,394030335,29,35,A#,Minor,80,71,68,6,0,10,37,2,3,True,1
2022,2939,193443895,42,24,E,Minor,65,11,58,0,0,12,9,1,3,False,5
2022,695,299648208,16,13,G#,Major,55,86,44,40,0,7,4,1,3,True,1
2022,328,182978249,10,7,F#,Major,72,55,64,49,0,7,4,1,1,False,1
2022,866,319757142,27,32,G,Major,59,73,45,44,0,34,3,1,3,True,2
2013,1550,109091573,0,14,C#,Major,77,68,70,6,0,17,20,3,1,False,5
2022,1729,153240879,26,19,D,Minor,80,24,65,2,0,9,4,1,1,False,1
2021,2005,346127840,16,43,B,Major,42,33,44,62,0,8,6,4,2,False,1
2020,1188,312622938,13,15,C#,Minor,76,81,80,20,0,25,4,1,1,False,1
1975,40112,2197010679,321,"5,691",A,Minor,41,23,40,27,0,30,5,4,1,True,3
2018,3659,1200808494,11,267,A,Minor,59,23,46,66,0,15,6,2,3,False,1
2020,9833,797196073,233,531,F#,Minor,69,90,88,5,0,29,8,2,1,False,2
2013,50887,1970673297,315,"6,284",D,Major,53,66,78,0,0,16,5,1,2,True,3
2021,3257,665765558,10,70,A#,Minor,70,71,58,24,0,7,13,2,3,False,5
2021,1473,263779030,2,12,D,Major,69,35,57,12,0,10,9,4,3,False,5
2020,2226,339473453,36,11,A,Minor,67,37,46,13,0,10,39,4,2,False,1
2017,23375,2204080728,336,"2,692",B,Minor,61,47,65,3,0,17,4,1,1,True,3
2016,28032,2591224264,315,"2,179",G#,Major,75,64,52,41,0,11,3,2,1,False,3
2022,290,135444283,9,10,B,Minor,39,28,77,4,0,6,29,1,3,False,2
2011,42798,1457139296,217,"6,508",A,Major,86,75,52,54,0,10,4,1,2,False,3
2019,2605,236872197,15,50,F#,Minor,68,33,43,38,0,36,14,3,1,False,1
2022,8737,694525298,163,137,G#,Major,91,32,56,3,0,11,10,2,2,False,1
2022,1105,240661097,32,19,B,Major,58,56,83,5,0,7,4,2,3,False,5
2022,2499,421365166,68,43,G#,Major,45,27,67,32,0,13,14,1,1,True,1
2022,2697,349746291,55,32,G,Major,81,59,83,9,0,11,5,2,1,True,1
2022,2092,255120451,75,44,F,Major,60,58,69,2,0,58,4,2,3,False,1
2022,1185,190981339,21,31,C#,Major,68,41,55,16,0,10,12,2,3,False,5
2015,11985,924193303,79,250,D#,Minor,76,63,71,3,0,10,3,1,1,False,2
2022,753,305771063,28,13,C#,Minor,70,54,71,0,0,33,4,2,2,True,3
2022,2995,273005485,49,30,G,Minor,83,63,74,14,0,16,6,2,1,False,1
2022,225,89566512,11,7,C#,Minor,72,22,46,24,0,9,6,2,3,False,5
2015,9243,677389855,155,577,F,Minor,59,30,62,1,0,8,4,1,2,False,1
2022,918,75476209,24,52,G,Minor,63,45,64,34,0,9,8,2,3,False,5
2021,1959,408843328,52,32,B,Major,56,41,57,1,0,13,3,4,3,True,1
2022,540,187772591,26,39,G#,Minor,78,63,64,1,0,7,4,1,2,True,1
2022,859,178512385,14,11,A#,Major,79,48,84,13,0,21,23,2,1,False,5
2022,1116,101780047,31,15,D,Major,70,22,61,2,0,10,34,2,3,False,1
2022,273,118381354,12,4,D,Major,86,91,79,29,0,60,16,2,1,True,1
2022,686,146363130,11,12,F#,Major,71,55,44,74,0,11,6,2,2,True,1
2022,226,126443991,5,4,E,Minor,71,63,45,45,0,11,3,2,1,False,5
2022,1264,157990698,20,52,D#,Minor,69,90,91,6,0,35,4,2,1,False,1
2022,870,176290831,32,49,D#,Minor,93,77,45,25,0,13,27,2,3,False,5
2019,7556,1023187129,124,254,E,Major,57,6,27,84,0,9,3,1,2,False,1
1996,1370,106933107,46,60,G,Major,89,59,64,5,0,19,7,4,1,False,1
2022,315,139193812,27,31,C#,Minor,87,28,50,12,0,10,10,2,2,True,1
2022,651,212234990,6,20,C#,Major,58,71,80,15,0,7,41,2,2,False,3
2016,12382,1714490998,229,"1,370",D,Major,86,97,80,36,0,9,6,4,2,False,2
2022,625,197643795,10,13,F,Major,78,83,75,41,0,27,8,2,1,False,1
2019,8429,807015863,85,200,E,Minor,45,25,84,21,0,13,6,1,3,True,1
2013,52898,933815613,203,"8,215",F#,Minor,79,87,81,4,0,10,4,1,2,False,1
2021,3436,499710590,32,46,D#,Major,86,62,49,51,0,35,21,3,2,False,1
2022,918,120847157,34,30,A,Minor,91,73,72,13,0,9,15,1,1,False,1
2022,181,53909146,16,7,G#,Major,68,24,58,44,0,6,3,2,2,False,1
2014,18778,2236667932,228,"2,453",E,Major,61,20,38,61,0,10,5,3,2,True,3
2015,22730,2123309722,289,"2,430",E,Major,61,53,38,84,0,28,44,4,1,True,2
2022,5542,301242089,52,65,D#,Minor,81,39,66,38,0,12,14,2,3,False,1
2022,9021,723894473,242,272,A#,Minor,84,72,74,10,0,34,7,2,2,False,1
2022,4627,237351106,38,32,C#,Minor,78,40,74,36,0,17,27,2,1,False,1
2022,2229,461558540,27,24,F,Major,56,61,90,36,0,18,31,2,1,False,1
2022,1112,417230415,7,13,B,Minor,79,22,55,31,0,12,5,2,1,True,1
2022,2575,156898322,4,12,G#,Major,52,32,83,24,0,17,43,2,1,False,1
2022,3107,127309180,4,22,A#,Minor,55,50,78,19,0,11,35,2,3,False,5
2022,1179,313113297,7,11,G,Major,87,93,59,28,0,17,5,2,3,False,1
2022,3486,173702135,20,33,A#,Minor,85,41,43,39,0,12,21,2,1,False,1
2022,2942,271666301,42,43,B,Major,50,39,78,4,0,11,33,2,2,False,1
2022,1443,305650299,9,22,A#,Major,71,43,65,23,0,9,5,2,1,False,1
2022,3028,123216717,22,23,C#,Minor,92,78,57,46,0,14,9,2,3,False,5
2022,1796,479655659,8,18,B,Minor,66,58,79,23,0,22,20,2,3,True,1
2022,2729,126191104,3,13,G,Major,78,51,43,69,0,14,9,2,3,False,1
2022,1195,344055883,8,13,C#,Minor,80,45,62,76,0,10,38,2,1,False,1
2022,892,338422004,10,11,C#,Major,82,50,67,12,0,13,5,2,2,True,1
2022,1635,68895644,4,6,B,Major,65,52,69,31,0,8,36,2,2,False,1
2022,2291,86176890,9,8,G#,Major,61,66,71,53,0,32,46,2,2,False,5
2022,1029,403231558,5,9,B,Major,84,74,69,21,0,18,6,2,3,True,1
2022,1681,319546754,10,13,D,Major,78,55,60,59,0,7,4,2,2,True,1
2022,1480,61739839,1,5,A#,Minor,56,56,47,76,0,8,36,2,1,False,5
2022,829,283359161,4,10,F#,Minor,86,67,65,42,0,35,7,2,2,False,1
2022,2308,76831876,7,7,D#,Minor,57,71,82,19,0,15,29,2,3,False,5
2022,1004,283332261,8,9,F,Minor,50,41,50,69,0,12,6,2,3,True,1
2022,1367,307752576,48,34,C#,Major,80,26,85,23,0,11,21,1,2,False,1
2022,1112,279737940,7,12,G#,Major,81,77,79,19,0,47,8,2,1,True,1
2022,1209,212351890,9,14,G#,Major,63,60,70,5,0,9,31,2,2,False,1
2019,9539,1304313953,162,355,D,Major,61,24,62,60,0,24,31,2,3,True,3
2022,1992,150500965,35,3,B,Major,83,41,65,0,10,11,8,2,3,False,5
2022,897,246127838,6,8,C#,Minor,85,72,58,9,0,49,12,2,2,False,1
2016,2948,582863434,10,150,B,Minor,51,48,82,0,0,5,3,1,2,False,1
2022,1860,58687425,1,3,A,Major,73,26,54,30,0,34,32,2,3,False,5
2022,802,212109195,16,23,E,Major,91,91,96,3,0,3,9,2,2,False,2
2022,2224,382199619,48,87,A#,Major,36,30,54,34,0,14,5,2,1,True,1
2022,1103,41210087,0,0,G,Major,44,74,42,88,0,9,9,2,1,False,5
2022,2265,231657891,93,173,G,Major,64,80,88,0,0,12,6,2,2,False,1
2022,555,53729194,10,4,D,Major,83,32,82,14,0,12,4,2,1,False,1
2022,2050,244741137,52,46,G,Major,38,20,66,9,0,9,8,2,1,False,1
2022,1493,42485571,2,10,C#,Minor,37,14,24,80,0,11,4,2,3,False,5
2022,1545,37778188,1,4,G,Major,43,60,38,76,1,48,38,2,1,False,5
2022,2350,254218729,28,23,G#,Major,88,28,66,6,0,13,31,2,2,False,1
2022,1929,53603447,2,4,E,Minor,66,29,65,23,0,8,7,2,1,False,5
2022,710,160035717,16,18,B,Minor,84,61,42,31,0,9,9,2,3,True,1
2022,928,164163229,19,7,G#,Major,61,32,90,25,0,10,9,2,1,False,5
2022,1194,37091576,0,3,F,Minor,66,83,43,84,0,19,19,2,2,False,5
2022,349,284249832,10,3,B,Minor,71,67,60,7,0,6,4,1,1,True,1
2022,1890,33381454,3,2,G#,Minor,49,50,37,87,0,11,35,2,3,False,5
2022,1308,184622518,23,9,C#,Major,68,45,71,18,0,11,25,2,3,True,1
2022,4531,300983101,135,119,A#,Major,77,53,78,19,0,29,4,1,2,False,2
2022,1657,121077868,15,3,B,Major,71,37,52,62,0,11,36,2,1,False,1
2022,1351,106919680,26,17,G#,Minor,82,82,66,13,0,11,6,2,3,False,1
2022,608,136996305,5,14,F#,Major,87,46,60,1,0,13,16,2,1,False,1
2021,1211,65719930,31,19,C#,Minor,73,59,81,13,0,9,6,1,1,False,5
2022,629,229497852,18,9,G,Major,86,43,62,5,0,13,14,2,1,False,2
2022,1301,185550869,23,15,G#,Major,54,45,79,1,0,17,5,2,3,False,1
2022,1329,54682594,42,32,B,Major,47,33,83,18,0,10,5,1,1,False,1
2022,343,240580042,4,11,D#,Major,53,14,43,64,0,13,3,2,3,True,1
1998,13101,1284942608,137,582,B,Minor,32,49,72,0,0,9,4,2,3,True,1
2022,2939,71423324,29,30,G#,Minor,76,79,81,18,0,6,34,2,1,False,5
2019,407,244891912,5,5,G,Major,58,27,36,86,0,9,3,4,1,True,5
2022,1492,132171975,26,15,E,Major,47,7,50,32,0,7,4,2,3,False,1
2017,2264,184706613,11,25,E,Major,37,27,56,8,0,13,3,4,3,False,1
2021,801,184826429,42,24,D#,Major,70,31,44,84,0,9,39,3,3,False,1
2022,829,302006641,32,26,C#,Major,56,68,89,4,0,33,19,3,3,False,3
2022,736,330881149,5,17,G#,Major,72,70,82,2,0,4,17,3,1,False,3
2022,4449,334733572,80,66,B,Major,72,36,72,26,6,11,4,2,2,True,1
2022,3218,366214458,29,79,D,Major,51,39,29,90,0,10,4,2,2,True,1
2022,327,114546317,5,12,D,Major,63,29,51,43,0,25,4,3,2,False,1
2022,2775,290833204,21,40,D,Major,69,63,45,48,0,18,4,2,3,False,1
2022,4576,448500832,79,93,G#,Minor,80,74,60,8,0,14,26,2,3,False,1
2022,2313,136676504,34,29,G,Major,88,15,56,1,0,8,6,3,2,False,5
2022,3983,190625045,73,119,B,Minor,82,76,70,16,0,8,5,2,1,False,1
2022,279,79095270,0,6,G#,Minor,60,68,84,4,0,24,11,3,3,False,1
2022,2302,273194684,20,39,D#,Major,56,40,54,72,0,10,4,2,3,False,1
2022,3559,333146475,36,31,A,Minor,80,77,85,11,0,17,14,2,3,True,1
2022,2129,194902696,23,44,F,Minor,71,39,86,2,0,51,25,2,1,False,1
2022,3291,311482393,43,79,D#,Major,58,30,46,14,0,9,3,2,3,True,1
1982,5328,195918494,54,900,G,Major,73,88,67,20,0,32,5,1,3,False,2
2022,1401,248511839,26,17,C#,Minor,82,42,75,6,0,63,6,3,2,False,1
2022,1933,233671263,13,31,G,Major,56,20,54,67,0,6,5,2,2,False,1
2022,1986,199587884,7,15,F,Major,65,88,72,36,14,20,3,2,3,False,1
2022,1057,91781263,51,19,D#,Minor,63,29,62,4,0,18,4,3,1,False,1
2022,5115,383835984,109,301,C#,Major,85,42,80,6,0,17,14,1,2,True,1
2022,2094,236060709,8,18,A,Major,72,90,48,32,0,18,23,2,3,True,1
2022,2171,189236868,18,28,A,Minor,83,90,64,35,5,9,4,2,2,False,1
2022,896,160845341,19,15,B,Major,81,68,58,83,0,11,34,2,1,False,5
2014,5148,588955257,90,365,G#,Major,57,30,89,10,0,33,8,1,1,False,1
2022,2528,238350348,63,270,G,Major,51,21,63,5,0,41,3,2,3,False,1
2022,1900,187703102,15,23,E,Minor,71,90,81,31,2,13,3,2,2,True,1
2022,3879,295307001,107,86,F,Minor,91,63,77,12,1,10,5,3,2,True,2
2022,896,138334433,0,2,F#,Major,83,56,82,10,0,9,5,3,1,False,5
2016,8775,445590495,33,107,F,Major,56,25,45,1,3,7,3,4,2,False,2
2022,5290,286739476,139,142,E,Minor,60,46,71,3,0,16,4,2,2,False,2
2018,10211,1122364376,38,65,D#,Major,52,28,48,54,1,19,3,4,1,False,2
2022,584,157136970,12,8,F,Minor,81,61,93,49,0,12,11,3,2,True,1
2022,1517,137070925,26,30,B,Major,42,32,20,94,0,11,4,2,2,False,1
2021,246,183273246,4,0,B,Minor,68,54,76,21,0,11,20,2,1,True,3
2022,220,184807630,16,0,B,Major,49,14,40,82,0,11,3,2,2,True,1
2022,514,164856284,5,1,F#,Minor,70,97,62,47,0,10,4,2,3,False,1
1986,6080,704171068,112,406,E,Minor,54,59,83,0,44,20,4,2,1,False,3
2022,9724,354614964,222,259,C#,Minor,70,87,88,4,0,26,8,3,2,False,2
2022,2341,279717388,37,38,C#,Major,91,59,82,8,0,6,8,3,2,False,1
2022,5263,195628667,66,61,E,Minor,51,5,68,12,2,15,6,3,2,False,2
2022,2402,221752937,45,26,C#,Major,73,62,75,0,0,34,8,3,1,False,1
2022,795,263280370,26,15,G#,Minor,81,72,65,4,0,14,4,1,2,True,1
2022,571,213505179,19,14,D,Major,80,36,86,4,0,3,5,3,1,False,1
2022,832,130419412,18,24,F,Minor,44,41,92,0,0,44,7,2,3,True,3
2022,565,155795783,6,11,D,Major,78,31,72,1,0,11,4,3,1,False,2
1987,41231,1553497987,228,"6,720",F#,Major,45,67,90,9,11,10,5,1,2,True,3
2022,4526,293466523,156,150,D#,Minor,80,55,56,13,0,8,9,2,1,True,4
2022,1818,711366595,3,63,G#,Major,56,52,64,11,0,45,7,2,3,False,5
2022,2814,191448892,38,25,A#,Minor,88,8,49,9,0,9,14,3,3,False,3
2022,1601,85924992,11,2,A,Major,88,52,69,0,0,8,23,3,3,False,5
2022,894,176103902,28,54,F#,Major,95,83,57,54,0,10,25,3,2,True,5
2022,945,121189256,49,57,C#,Major,85,80,83,10,0,8,11,3,1,False,1
2022,767,131746175,25,22,G#,Minor,44,44,67,7,0,12,13,3,3,False,5
2022,5898,244790012,129,128,C#,Major,58,68,91,2,0,27,11,2,2,True,2
2022,685,129314708,17,24,D#,Minor,71,78,40,46,0,7,45,3,2,True,5
2022,1452,331511413,16,20,C#,Major,63,56,43,24,0,12,23,3,2,True,1
2022,1456,219196651,53,33,G#,Major,77,94,87,2,0,23,12,3,2,False,1
2022,2107,170732845,51,50,E,Minor,72,18,46,7,0,28,8,3,2,False,1
2020,1494,273914335,17,15,F#,Major,70,46,76,30,0,9,45,1,2,True,1
2022,1379,179061440,23,18,G#,Minor,74,46,58,15,0,13,8,3,3,True,1
2022,625,185236961,13,12,G#,Major,61,38,62,14,0,23,40,3,1,True,1
2022,2688,171788484,39,36,A#,Minor,55,46,64,0,0,17,10,3,2,False,1
2019,2668,387080183,38,78,B,Major,47,56,90,0,0,10,4,4,2,True,4
2022,799,264717480,14,9,A#,Minor,81,70,65,24,0,8,4,3,1,True,3
2022,1189,244928911,17,16,F,Major,90,73,51,39,0,9,6,2,2,True,1
2022,367,97610446,28,195,G,Major,56,43,53,24,0,12,4,3,3,False,2
2022,527,287278853,10,3,G,Minor,79,64,59,28,0,11,14,3,1,True,1
2008,17504,887906111,63,"1,315",A#,Minor,79,66,65,5,0,25,14,1,1,True,1
2022,3113,123473120,54,124,A,Major,81,90,73,28,0,29,4,3,2,False,1
2022,685,295152154,15,4,B,Major,77,71,75,33,1,13,4,3,3,True,2
2022,782,323455692,15,6,G#,Major,70,97,59,55,0,27,12,1,2,True,1
2022,2442,240918092,81,248,B,Major,82,49,88,20,0,21,3,3,3,False,1
2022,1112,191873381,22,65,G#,Major,77,74,74,47,0,34,8,2,3,True,1
2017,4967,284216603,165,177,F,Major,67,49,77,11,0,19,11,4,2,False,1
2022,2520,239411309,93,84,C#,Minor,67,72,74,30,0,36,4,4,1,True,2
2022,767,265548837,20,11,A#,Major,68,80,92,10,0,9,12,3,2,True,3
2013,19806,703301727,33,274,C#,Major,37,28,66,14,0,9,5,1,3,True,1
2022,5153,244585109,102,113,D#,Major,74,71,89,24,61,15,5,3,3,True,2
2022,615,189476119,14,15,D#,Minor,77,78,91,14,0,33,12,3,2,False,2
2022,2537,277132266,49,67,C#,Major,90,75,50,11,0,9,26,1,1,False,1
2022,1647,278920007,20,23,G#,Minor,70,58,57,25,0,15,7,3,3,True,1
2022,2019,222410722,117,107,A#,Minor,65,79,66,31,0,22,7,3,1,True,2
2022,1473,185392587,25,25,C#,Minor,65,52,80,5,0,6,25,4,3,True,1
2022,1613,202452860,21,13,C#,Major,34,22,31,43,63,10,7,3,1,False,1
2002,30992,1608164312,124,"7,827",F,Major,56,21,44,73,0,11,2,3,3,True,1
2000,10826,624101957,24,805,C#,Major,37,17,27,75,5,10,3,3,1,True,5
2022,920,148461629,10,8,E,Minor,70,26,76,8,0,54,23,4,3,False,1
2022,308,47093942,6,6,A#,Major,81,48,70,13,0,15,7,4,1,False,1
2016,2468,380319238,15,0,C#,Minor,64,4,60,11,0,19,4,3,1,False,5
2022,1097,209106362,18,13,B,Minor,82,75,85,33,1,11,4,3,2,True,1
2022,330,53987404,3,2,D,Major,78,75,62,6,0,15,6,4,1,False,5
2022,1584,115331792,38,24,F,Minor,70,26,56,14,83,11,5,3,3,False,5
2022,1585,225093344,78,328,D,Major,52,24,60,0,0,8,3,4,2,True,2
2022,766,84697729,16,9,D#,Minor,65,24,53,6,0,51,4,4,1,False,5
2022,836,159240673,14,13,A,Major,84,43,75,5,0,6,8,3,1,False,1
2022,430,170709584,14,9,E,Minor,73,65,91,4,0,48,18,4,3,True,3
1982,2020,154356956,77,119,A,Major,66,24,58,17,0,19,5,2,3,False,1
2018,6858,723043854,31,15,G,Major,57,24,37,11,18,16,3,4,2,False,1
2022,3682,247689123,41,158,G,Major,72,92,77,9,0,8,11,3,3,True,5
2022,1639,176474912,86,80,D,Major,57,50,85,5,0,16,4,4,2,False,1
2022,452,235549288,2,13,G,Major,92,53,62,7,0,63,10,4,3,True,3
2020,668,140430339,0,31,D#,Minor,49,13,74,0,0,9,4,1,2,True,5
2022,991,85559365,36,13,F,Minor,74,22,67,0,0,11,46,4,3,False,1
2022,869,146223492,14,12,A#,Major,80,82,81,14,0,13,36,4,3,True,1
2022,648,187701588,0,30,A#,Minor,59,62,60,12,0,5,44,3,3,True,5
2022,1545,154863153,22,15,G#,Minor,91,23,55,1,0,7,32,4,3,False,1
2022,1930,191333656,24,17,E,Minor,75,45,63,6,0,35,12,4,2,False,1
2022,1948,253650850,12,16,E,Minor,80,16,28,17,0,12,39,4,1,False,1
2022,1608,223064273,10,12,G,Major,75,11,50,20,0,30,17,4,2,False,1
2022,1338,170413877,9,7,A,Major,84,33,36,2,0,39,59,4,3,False,1
2022,1936,218320587,7,13,E,Major,66,12,35,55,0,9,14,4,2,False,1
2022,1794,141720999,26,17,C#,Major,73,25,61,1,0,32,7,4,1,False,1
2022,1597,187339835,6,15,A#,Major,48,15,31,80,22,12,4,4,2,False,1
2022,1652,198365537,26,10,G,Major,77,20,70,1,0,16,5,4,2,True,2
2022,1747,186104310,9,13,E,Major,34,39,16,97,0,12,5,4,3,False,1
2022,1715,177503916,4,8,G,Major,48,55,84,43,0,15,12,4,3,False,1
2022,486,71095708,8,7,D,Minor,62,25,44,51,33,14,3,4,2,False,1
2022,1007,112436403,6,3,F,Major,93,62,61,0,0,12,20,4,3,False,1
2022,481,203436468,10,15,F,Major,54,22,76,0,0,14,3,4,2,True,2
2022,1045,93367537,8,2,F,Minor,85,40,43,4,0,39,32,4,3,False,1
2022,1060,106249219,3,5,D,Major,64,11,53,1,0,25,27,4,2,False,1
2022,1274,181382590,1,11,F,Major,57,55,74,22,0,8,4,4,1,False,1
2022,953,91473363,61,37,A,Major,60,24,39,57,0,8,3,4,3,False,1
2022,1180,121871870,4,8,F#,Major,42,7,24,83,1,12,6,4,3,False,5
2022,573,73513683,2,7,C#,Major,80,81,67,4,0,8,6,4,1,False,5
2022,1320,133895612,29,17,C#,Major,82,67,77,8,0,12,5,4,1,False,1
2022,782,96007391,27,32,E,Minor,61,32,67,15,0,11,5,4,1,True,1
