released_year,streams,key,mode,danceability_%,valence_%,energy_%,acousticness_%,instrumentalness_%,liveness_%,speechiness_%,season,bpm_category,charted_on_spotify
2023,141381703,B,Major,80,89,83,31,0,8,4,summer,2,True
2023,133716286,C#,Major,71,61,74,7,0,10,4,spring,1,True
2023,140003974,F,Major,51,32,53,17,0,31,6,summer,3,True
2019,800840817,A,Major,55,58,72,11,0,11,15,summer,3,True
2023,303236322,A,Minor,65,23,80,14,63,11,6,spring,3,True
2023,183706234,C#,Major,92,66,58,19,0,8,24,summer,3,True
2023,725980112,F,Minor,67,83,76,48,0,8,3,spring,3,True
2023,58149378,F,Major,67,26,71,37,0,11,4,summer,1,True
2023,95217315,C#,Minor,85,22,62,12,0,28,9,spring,2,True
2023,553634067,D,Minor,81,56,48,21,0,8,33,spring,3,True
2023,505671438,F#,Minor,57,56,72,23,0,27,5,spring,1,True
2023,58255150,F,Minor,78,52,82,18,0,15,7,summer,3,True
2023,1316855716,G,Major,71,65,68,6,0,3,7,winter,2,True
2023,387570742,D,Minor,51,32,43,83,0,9,3,spring,2,True
2022,2513188493,F#,Minor,52,66,73,34,0,31,6,spring,3,True
2022,1163093654,G#,Major,64,43,73,5,17,16,4,winter,1,True
2023,496795686,B,Minor,78,76,59,43,0,34,3,winter,2,True
2023,30546883,A,Major,44,14,9,96,0,10,3,summer,1,True
2023,335222234,B,Major,86,67,66,14,0,12,16,spring,1,True
2023,363369738,G,Major,63,36,73,0,0,36,4,spring,2,True
2023,86444842,F,Minor,65,87,74,22,0,42,4,summer,3,True
2023,52135248,F#,Major,69,82,76,6,0,6,3,summer,2,True
2013,1297026226,B,Minor,48,44,42,12,2,11,3,winter,3,True
2023,200647221,F,Minor,85,81,67,26,0,12,5,spring,3,True
2023,115364561,C#,Major,85,83,68,7,0,36,20,summer,1,True
2023,78300654,G,Minor,79,96,86,9,0,9,9,summer,2,True
2022,899183384,B,Major,80,82,80,43,0,14,4,spring,2,True
2023,61245289,F#,Minor,81,74,71,14,0,56,4,summer,2,True
2023,429829812,F#,Major,52,52,68,46,0,15,4,winter,3,True
2023,127408954,B,Minor,67,78,85,2,0,33,5,spring,2,True
2023,22581161,F,Minor,74,35,84,0,0,11,6,summer,2,True
2023,52294266,F#,Major,56,63,87,39,0,11,5,summer,3,True
2022,843957510,C#,Minor,71,17,61,36,0,8,5,winter,1,True
2022,999748277,E,Major,64,51,63,12,0,19,5,fall,1,True
2023,618990393,E,Minor,72,61,63,67,0,9,28,winter,3,True
2023,123122413,D,Major,81,63,68,11,0,11,4,summer,2,True
2023,188933502,F#,Major,61,39,73,37,0,11,3,spring,3,True
2014,1355959075,F,Major,75,57,68,9,0,13,6,winter,1,True
2014,786181836,D,Major,60,48,79,0,0,12,4,winter,1,True
2023,176553476,F,Minor,79,96,85,27,0,11,6,spring,2,True
2023,354495408,A,Minor,56,84,65,23,0,10,6,winter,3,True
2018,2808096550,D,Major,76,91,50,54,0,7,5,fall,1,True
2022,1109433169,G,Minor,56,38,97,4,0,35,4,summer,2,True
2017,1047101291,F#,Major,56,58,56,37,0,11,10,summer,1,True
2023,65156199,F,Major,77,75,58,52,0,23,25,summer,3,True
2020,570515054,F,Major,67,49,64,10,0,10,3,fall,2,True
2022,1085685420,E,Major,71,82,81,11,0,6,5,spring,3,True
2016,1647990401,C#,Minor,59,51,52,9,0,15,7,fall,3,True
2016,2565529693,G,Major,68,49,59,16,0,13,28,fall,3,True
2023,518745108,C#,Minor,53,50,53,23,0,44,7,winter,1,True
2023,107753850,A#,Minor,72,17,64,7,0,10,5,summer,2,True
2023,177740666,G,Major,60,23,91,0,0,12,3,spring,2,True
2023,153372011,F#,Minor,92,55,70,18,0,15,7,winter,2,True
2023,57876440,G,Minor,67,96,88,12,19,8,4,summer,2,True
2012,1813673666,E,Minor,45,13,54,70,0,9,4,fall,2,True
2019,3703895074,C#,Major,50,38,80,0,0,9,7,fall,3,True
2023,256483385,G,Minor,64,88,72,51,0,17,5,winter,3,True
2022,1214083358,G,Minor,84,85,68,58,0,22,4,spring,2,True
2023,16011326,F,Minor,86,42,72,59,0,9,19,summer,2,True
2020,812019557,A,Minor,61,53,58,55,0,27,4,summer,2,True
2023,111947664,B,Major,86,59,96,50,1,9,5,spring,2,True
2023,156338624,F,Major,70,86,81,25,0,25,5,winter,3,True
2022,720434240,D,Major,88,72,59,62,0,9,3,summer,1,True
2023,357925728,F,Minor,77,53,64,74,0,17,14,spring,1,True
2022,674072710,C#,Minor,90,40,59,0,0,10,29,fall,1,True
1999,1755214421,B,Major,43,28,66,0,0,23,3,winter,3,True
2022,404562836,G#,Major,64,10,62,7,0,48,7,fall,1,True
2022,373199958,A#,Minor,59,71,42,55,0,10,7,winter,3,True
2023,14780425,C#,Major,56,48,73,0,0,35,4,summer,3,True
2023,39578178,G#,Major,51,22,53,1,0,15,3,summer,1,True
2023,54266102,C#,Minor,77,84,89,17,0,43,5,summer,2,True
2020,2557975762,B,Major,76,53,53,44,0,9,9,summer,1,True
2022,751134527,C#,Minor,51,14,59,65,18,25,3,summer,1,True
2012,2282771485,A#,Major,61,41,81,5,2,10,3,spring,2,True
2022,1356565093,D,Major,62,55,78,1,3,23,4,summer,2,True
2008,1592909789,F,Minor,49,42,62,9,0,11,3,winter,3,True
2022,635412045,E,Major,58,27,48,50,0,12,3,summer,3,True
2022,1230675890,D,Major,71,24,47,1,0,27,9,fall,3,True
2022,585695368,F#,Minor,78,58,73,5,0,10,7,winter,3,True
2023,43857627,C#,Major,68,40,79,33,0,30,6,summer,1,True
1975,2009094673,C#,Major,48,50,73,43,0,15,4,winter,1,True
2022,600976848,A#,Major,34,32,57,78,0,20,3,spring,1,True
2023,39709092,F,Major,63,36,34,76,0,35,9,summer,2,True
2023,39228929,D,Major,50,20,64,1,0,12,3,summer,3,True
2021,2665343922,C#,Major,59,48,76,4,0,10,5,summer,3,True
2023,223633238,G#,Minor,78,70,68,3,1,11,4,spring,2,True
2018,2887241814,C#,Major,50,45,41,75,0,11,3,fall,2,True
2022,1440757818,C#,Minor,91,43,71,9,0,9,8,spring,1,True
2015,165484133,D,Major,82,40,66,39,51,25,7,summer,2,True
2012,58054811,A,Major,63,84,82,70,8,9,7,summer,2,True
2023,157058870,G#,Major,71,67,60,19,0,12,3,spring,1,True
2023,95131998,C#,Minor,74,76,76,6,0,10,9,spring,3,True
2023,250305248,D,Major,68,14,76,4,0,10,4,spring,3,True
2017,685032533,A,Minor,62,19,53,11,0,6,4,fall,3,True
2020,38411956,C#,Minor,53,34,47,9,0,83,4,summer,1,True
2023,144565150,D#,Major,83,69,44,15,0,10,33,spring,3,True
2023,127567540,F#,Minor,49,17,35,71,9,11,3,spring,1,True
2022,399686758,F,Major,56,39,55,14,0,11,13,winter,3,True
2011,983637508,C#,Minor,56,24,66,7,0,12,3,winter,2,True
2023,118482347,G,Major,62,57,59,3,0,38,3,summer,1,True
2012,882831184,G,Major,43,50,55,50,0,15,10,winter,1,True
2022,286400165,G,Minor,68,17,71,15,0,11,5,winter,1,True
2023,172825906,D,Major,50,37,90,0,0,12,5,spring,3,True
2004,1241559043,E,Minor,62,24,67,21,0,13,28,winter,1,True
2023,29562220,E,Minor,81,53,72,51,0,12,5,summer,3,True
2022,77309611,A#,Major,54,50,40,61,0,10,6,spring,3,True
2017,1605224506,C#,Major,80,92,80,4,0,10,3,fall,2,True
2017,1116995633,C#,Major,61,45,69,2,0,9,3,spring,2,True
2021,838079900,F,Minor,77,65,72,2,0,7,5,spring,2,True
2011,1163620694,D,Minor,61,47,68,0,0,13,3,winter,2,True
2012,1093605526,E,Minor,74,37,53,7,0,21,10,winter,3,True
2022,179659294,F,Major,51,18,44,76,0,11,3,winter,2,True
2023,39058561,B,Major,77,79,62,33,1,15,3,summer,2,True
2023,36912123,G,Major,65,49,78,0,0,17,4,summer,2,True
1985,1205951614,G,Major,64,54,81,36,0,11,6,winter,2,True
2014,1791000570,A#,Minor,70,47,52,30,0,6,33,winter,1,True
2023,201660859,D#,Minor,55,30,78,24,0,12,8,winter,3,True
2023,248088961,F,Minor,84,96,71,18,0,34,17,winter,2,True
2023,90839753,B,Minor,82,89,85,4,0,23,6,spring,2,True
2020,607123776,F,Major,51,42,61,53,0,9,3,summer,1,True
2023,55842345,A,Minor,75,79,63,33,0,15,4,summer,2,True
2023,211050784,A,Major,64,31,87,4,4,8,4,spring,3,True
2022,342897938,G#,Major,74,68,68,3,0,26,4,summer,3,True
2022,2762,A#,Major,49,78,64,19,0,11,4,winter,3,True
2021,330346424,F,Major,81,39,60,31,0,7,3,summer,1,True
2022,601863821,F,Major,87,57,55,10,0,29,7,summer,1,True
2011,1953533826,D,Major,63,88,93,3,0,10,8,summer,3,True
2019,2322580122,A#,Major,55,56,82,12,0,34,5,fall,1,True
2017,2355719893,E,Minor,35,12,30,93,0,10,3,summer,2,True
2023,66902503,B,Major,78,59,65,10,0,26,5,summer,2,True
2023,96273746,E,Minor,82,69,83,3,0,27,5,spring,2,True
2023,430977451,A,Minor,80,74,77,36,0,11,4,winter,2,True
2011,284819874,D,Major,42,20,86,21,0,9,9,winter,3,True
2023,721975598,D,Minor,78,50,63,27,0,9,5,winter,2,True
2007,1217120710,G#,Major,52,20,85,0,0,7,5,spring,3,True
2023,109276132,C#,Major,63,22,54,46,0,12,8,summer,3,True
2022,276259178,C#,Minor,75,48,53,18,0,18,34,winter,2,True
2023,54225632,G,Minor,76,96,72,32,0,9,4,spring,2,True
2017,2559529074,G#,Major,60,17,45,16,0,11,2,winter,1,True
2022,681583126,F#,Major,56,20,55,45,1,32,3,summer,3,True
2017,2594040133,A#,Minor,77,74,78,4,0,23,11,winter,2,True
2023,81102253,D#,Minor,84,65,50,67,0,13,6,spring,2,True
2023,11956641,B,Minor,93,68,65,42,0,12,25,summer,3,True
2002,1687664027,G,Major,92,67,66,0,0,36,9,winter,2,True
2023,11599388,A,Major,79,92,89,5,0,6,5,summer,1,True
2016,611700552,F,Minor,59,52,48,38,5,10,11,fall,1,True
2022,1133865788,D#,Minor,65,27,69,8,0,53,4,spring,1,True
2004,1089402494,A,Major,45,33,59,6,0,8,3,winter,3,True
2019,411747614,E,Major,60,24,35,73,0,31,3,spring,2,True
2023,255932395,G,Minor,74,96,80,18,0,5,5,winter,3,True
2023,31873544,A,Minor,81,90,77,1,0,9,5,summer,2,True
2023,95053634,F#,Major,78,70,81,57,0,10,5,spring,2,True
2010,1279434863,G,Major,47,86,92,8,0,5,24,winter,2,True
2023,233801632,A,Major,69,61,71,33,0,31,20,winter,3,True
2012,1481349984,F,Major,73,87,70,6,0,28,5,winter,3,True
2023,142095275,B,Major,50,85,52,11,0,28,6,spring,3,True
2022,618885532,G#,Major,54,40,67,0,0,9,17,summer,3,True
2013,2011464183,C#,Minor,66,48,71,6,0,12,4,winter,2,True
2021,1167330737,D,Major,61,41,74,21,0,40,6,spring,3,True
2019,929964809,A,Minor,73,31,69,6,0,11,4,fall,2,True
2023,436027885,G,Minor,78,89,83,10,0,12,5,winter,3,True
2004,657723613,D#,Major,86,74,80,33,0,8,6,summer,1,True
2016,2713922350,C#,Major,77,36,63,1,0,36,5,spring,1,True
2010,621660989,G#,Major,45,24,62,8,0,16,3,winter,3,True
2020,1591223784,B,Major,68,61,82,2,0,50,3,spring,2,True
2010,950906471,B,Minor,68,51,60,3,0,19,10,spring,1,True
1983,1593270737,C#,Major,82,73,45,54,0,7,3,winter,2,True
2015,1410088830,D,Major,45,10,37,97,25,64,4,winter,3,True
2011,1235005533,C#,Major,73,60,77,3,0,11,4,winter,2,True
2012,1661187319,G,Major,60,43,27,94,0,14,4,winter,3,True
2018,1374581173,C#,Minor,65,51,55,73,0,14,3,spring,3,True
2023,94186466,A,Minor,60,13,53,4,0,21,4,summer,1,True
2013,1788326445,F,Major,55,42,53,17,0,22,3,winter,1,True
2012,1840364617,D#,Major,33,38,71,20,0,28,5,winter,3,True
2023,143573775,C#,Major,57,84,94,11,0,37,9,spring,3,True
2016,684675814,G#,Major,71,40,50,16,0,16,22,fall,3,True
2014,1113838873,G,Major,65,95,80,5,0,41,16,winter,3,True
2013,1267333350,D,Major,70,81,63,4,0,8,4,winter,1,True
2022,726307468,A,Major,56,53,64,11,0,45,6,spring,3,True
2017,3562543890,C#,Minor,83,93,65,58,0,9,8,winter,1,True
2014,1131090940,G#,Major,67,40,52,86,0,12,4,fall,2,True
2023,307370144,C#,Major,70,37,54,6,0,9,8,winter,1,True
1992,1271293243,G,Major,53,12,34,1,0,12,4,fall,1,True
2019,265882712,A,Major,34,24,56,4,0,11,3,fall,3,True
2017,841749534,F,Major,37,17,47,2,46,11,3,spring,1,True
2023,47956378,E,Minor,74,36,63,26,0,27,5,spring,1,True
2016,806397070,A,Major,54,54,55,67,0,42,11,summer,3,True
2019,2132335812,B,Major,70,59,75,24,0,9,4,summer,2,True
2010,1641426668,F,Major,63,46,85,1,0,9,5,winter,2,True
2013,2135158446,E,Minor,57,41,66,63,0,12,5,fall,2,True
2022,367316268,G,Major,54,75,60,30,0,7,5,winter,3,True
2021,350381515,F#,Major,63,49,73,5,0,9,3,spring,2,True
2022,1264310836,F,Minor,65,19,72,10,0,13,25,spring,2,True
2023,30343206,B,Minor,50,67,89,0,0,19,8,summer,3,True
2020,405136812,A,Minor,48,37,41,32,0,10,10,winter,3,True
1968,1145727611,D,Major,74,76,70,7,0,13,3,summer,2,True
2010,540654286,F#,Minor,84,52,77,12,0,7,4,summer,1,True
2023,57312735,G#,Minor,62,55,80,15,0,37,7,summer,3,True
2022,397582059,F#,Minor,81,18,64,3,0,10,11,winter,3,True
1984,1479115056,F#,Minor,57,86,90,2,0,9,5,fall,1,True
2023,86773632,B,Minor,61,20,48,21,0,12,6,summer,3,True
2023,133753727,A#,Minor,53,24,67,11,0,10,28,spring,1,True
2023,123124076,B,Major,75,35,48,84,0,10,12,spring,3,True
2022,463564958,B,Minor,77,79,73,15,0,27,10,fall,3,True
2023,64533040,E,Major,56,53,55,53,0,12,4,spring,1,True
2023,65496046,F,Minor,89,67,78,9,0,7,33,summer,1,True
2023,68616963,F,Major,67,24,78,15,0,30,4,spring,2,False
2023,161460990,D,Major,85,53,68,40,0,9,4,spring,3,True
2023,70106975,A,Major,78,5,30,21,0,13,5,summer,2,True
2023,113509496,C#,Major,82,51,39,2,0,9,49,spring,3,True
2023,89933133,G#,Major,70,42,43,78,0,11,3,spring,2,True
2022,71007139,F,Minor,80,85,74,62,0,8,9,fall,3,True
2023,43522589,A#,Minor,73,45,62,28,0,13,13,summer,1,True
2023,232896922,A,Minor,84,64,39,3,0,11,4,spring,2,True
2023,37126685,A,Minor,77,28,55,18,0,22,15,summer,3,False
2023,195576623,D,Major,78,39,53,30,0,11,6,spring,2,True
2022,532336353,D,Major,54,25,74,14,0,9,11,fall,1,True
2022,538115192,G#,Major,71,58,70,30,0,32,19,fall,2,True
2023,46142772,G#,Major,62,7,62,6,0,58,6,spring,1,False
2022,401036314,F,Minor,72,45,59,14,0,20,21,winter,2,True
2023,127026613,A,Minor,78,90,84,31,0,7,4,spring,3,True
2022,345031710,G#,Minor,74,61,83,11,0,35,6,winter,1,True
2022,288101651,G#,Major,66,85,60,40,0,14,13,winter,3,True
2023,60350538,F#,Minor,66,32,40,81,0,11,3,spring,2,True
2022,335074782,F#,Major,95,62,52,3,0,5,16,fall,1,True
2023,76767396,C#,Major,80,69,78,28,0,11,14,spring,1,True
2023,46065667,B,Major,76,61,58,6,0,16,3,spring,3,True
2022,459276435,E,Minor,71,59,56,4,0,27,12,summer,3,True
2023,39666245,F#,Major,59,26,60,46,1,25,13,summer,1,True
2023,138517666,F#,Major,63,75,92,31,0,91,5,spring,3,True
2022,822633917,C#,Major,69,69,51,63,0,38,4,summer,3,True
2022,595900742,G,Major,78,64,69,4,0,7,14,summer,2,True
2023,51985779,A,Minor,43,14,74,1,0,19,8,summer,1,True
2023,57945987,G#,Major,79,58,62,11,0,11,23,spring,1,True
2023,115010040,G,Major,82,47,62,10,0,10,15,spring,1,True
2023,175097833,A#,Minor,82,54,44,6,0,33,7,spring,3,True
2023,57089066,C#,Major,78,20,70,1,0,16,4,spring,2,False
2022,488386797,A#,Major,73,10,44,26,0,16,8,fall,1,True
2023,32761689,F,Major,92,59,51,41,51,26,8,summer,1,False
2022,1047480053,G,Minor,80,23,48,14,0,6,5,spring,1,True
2023,153454328,F#,Major,59,63,89,18,0,80,9,winter,3,True
2023,217672943,A,Major,91,63,58,52,0,31,22,winter,2,True
2022,457184829,B,Major,49,4,55,7,0,6,3,fall,3,True
2016,939844851,A,Major,47,27,78,11,0,10,8,winter,3,True
2021,726434358,A#,Major,34,25,51,69,0,18,4,fall,3,True
2022,573633020,B,Minor,56,42,52,5,0,36,24,fall,3,True
2021,1406111294,F,Major,60,13,37,58,0,13,3,fall,3,True
2023,71573339,A,Minor,84,55,47,26,0,20,64,spring,2,True
2023,24975653,B,Major,83,25,69,4,0,23,12,summer,3,False
2023,145458418,D,Major,67,55,67,60,0,80,5,winter,2,True
2000,1424589568,F,Minor,95,78,66,3,0,4,6,winter,1,True
2022,231332117,F#,Minor,84,96,79,43,0,18,11,winter,1,True
2021,415932686,F#,Minor,65,46,53,16,0,9,5,winter,1,True
2022,988515741,G#,Major,44,27,32,89,0,14,5,summer,3,True
2023,50847624,C#,Minor,62,56,66,18,0,12,5,spring,3,True
2023,39893489,F#,Minor,50,44,76,10,0,32,5,spring,3,False
2023,92035115,E,Minor,80,38,88,11,0,11,5,spring,1,True
2023,118810253,G,Major,70,83,84,31,0,47,30,spring,1,True
2023,77233241,F#,Minor,77,69,58,39,0,26,5,spring,2,True
2023,206399629,B,Major,52,57,48,86,0,15,39,winter,1,True
2023,117747907,F,Major,44,36,41,50,0,38,5,spring,1,True
2023,266624541,C#,Minor,79,58,78,34,0,11,25,winter,3,True
2022,293186992,A,Major,51,27,33,48,0,22,3,spring,3,True
2023,139681964,D,Major,77,94,66,65,0,38,3,winter,2,True
2023,123132751,E,Minor,68,38,88,1,0,8,5,spring,2,True
1997,103762518,F,Major,74,75,73,42,0,9,4,winter,3,True
2023,162887075,D,Major,93,47,47,33,0,10,36,spring,1,True
2023,91221625,G#,Major,77,35,88,16,0,17,9,spring,3,True
2022,190490915,F#,Minor,94,71,61,12,0,53,42,spring,2,True
2023,96180277,A,Minor,60,10,57,1,0,50,3,spring,2,False
2019,185240616,D,Major,72,40,47,71,0,13,4,summer,1,True
2022,885093467,C#,Major,87,53,52,66,1,11,5,spring,2,True
2023,104992946,A,Major,90,74,68,14,0,10,19,spring,3,True
2023,147290338,A,Major,57,80,59,8,0,6,5,winter,3,True
2021,1302184087,D,Major,79,82,86,28,0,4,9,fall,3,True
2022,158950978,E,Minor,76,80,81,19,0,6,9,winter,3,True
2023,76910644,B,Minor,76,26,70,1,0,41,6,spring,2,True
2022,137123880,G,Major,70,35,41,41,0,10,3,summer,3,True
2022,782369383,G,Major,92,78,62,18,0,6,10,summer,2,True
2022,502574952,A#,Major,84,88,53,35,0,8,7,fall,3,True
2023,207033255,B,Minor,69,36,90,1,10,15,4,winter,2,True
2022,404887295,F,Major,59,69,53,12,0,23,3,spring,3,True
2022,381161027,B,Minor,75,55,76,25,0,10,15,fall,1,True
2014,466231982,F,Minor,56,57,87,0,1,10,4,summer,1,True
2021,357580552,G,Minor,59,15,64,43,90,12,10,fall,3,True
2023,61105704,G,Minor,80,33,70,22,0,9,4,spring,2,True
2022,198275403,D#,Minor,70,77,48,37,0,12,5,winter,3,True
2023,168448603,C#,Minor,59,56,82,12,0,12,6,spring,3,True
2018,705469769,A#,Major,32,17,74,14,0,17,3,spring,2,True
2023,34502215,B,Minor,54,19,48,36,0,37,5,spring,3,False
2022,482175240,B,Major,82,67,69,0,0,18,4,fall,2,True
2022,304118600,G#,Major,89,61,66,17,0,36,16,winter,1,True
2018,1449799467,C#,Major,45,17,60,21,0,33,4,spring,3,True
2023,173627354,G,Major,62,32,76,0,0,39,4,spring,2,True
2023,90025258,G,Minor,70,86,68,24,0,11,4,winter,2,True
2021,652704649,A#,Major,77,84,71,35,0,15,4,winter,3,True
2002,1829992958,D,Major,70,6,73,1,0,36,26,winter,3,True
2002,655466831,E,Minor,80,64,76,2,0,20,6,spring,2,True
2023,146409671,B,Major,82,53,67,34,0,9,8,spring,1,True
2023,95816024,G,Minor,73,44,57,39,0,32,6,spring,1,True
2023,117206995,F,Minor,65,71,56,4,0,15,20,spring,1,True
2023,100409613,B,Minor,72,79,78,55,0,15,30,spring,2,True
2023,80758350,G#,Major,71,80,65,51,0,22,32,spring,1,False
2022,325592432,G#,Major,70,70,79,7,0,18,10,fall,2,True
2023,58473276,F#,Minor,48,50,80,40,0,37,20,spring,1,False
2023,52722996,G,Major,73,22,86,31,0,12,4,spring,2,False
2021,191945597,D,Minor,78,75,46,62,0,12,35,winter,3,True
2023,77377503,B,Minor,67,11,76,8,47,30,7,spring,3,False
2022,743693613,A#,Major,71,90,73,30,0,11,5,spring,2,True
2022,267789608,F#,Major,74,79,87,45,0,30,3,winter,2,True
2020,1221813483,F,Major,65,63,79,3,0,10,3,spring,2,True
2022,449701773,G,Major,59,22,38,42,0,12,3,spring,2,True
2023,67070410,A,Major,72,42,66,18,4,19,4,spring,1,False
2023,116334601,G,Minor,70,76,79,26,0,11,7,spring,3,True
2022,433356509,A,Major,64,18,37,72,0,12,7,fall,3,True
2023,165584767,G,Major,90,96,73,62,0,9,4,winter,2,True
2022,367814306,A,Major,73,64,85,25,0,61,3,spring,2,True
2022,477033549,F,Minor,76,46,79,31,0,7,6,spring,1,True
2022,156214700,G#,Minor,81,64,79,5,0,31,3,fall,2,True
2022,448843705,A#,Major,71,57,97,1,0,13,11,winter,2,True
1995,1357608774,G#,Major,63,40,61,9,0,56,6,summer,1,True
2022,294352144,F,Minor,95,43,69,47,0,9,31,fall,2,True
2014,972164968,A#,Major,58,46,67,65,0,13,4,fall,1,True
2017,920045682,F#,Major,60,77,78,45,0,12,6,winter,3,True
2016,2420461338,A#,Major,40,45,56,69,0,9,5,fall,1,True
2015,1947371785,B,Minor,36,12,57,9,0,14,8,spring,3,True
2019,244658767,G#,Minor,90,64,14,67,35,11,10,spring,3,False
2023,68216992,A#,Minor,71,41,31,79,0,10,5,spring,1,False
2022,223582566,C#,Major,77,72,87,17,0,7,5,winter,1,True
2022,471819764,B,Minor,83,58,83,21,0,10,5,summer,1,True
2022,272377463,G,Minor,70,34,55,43,0,16,6,winter,3,False
2003,1361425037,A,Major,50,24,86,0,0,64,4,spring,2,True
2023,149778242,F#,Major,64,30,77,46,0,38,6,winter,1,False
2023,116599790,B,Minor,68,81,82,53,0,9,13,spring,1,True
2022,148469433,G,Major,61,92,91,0,0,26,3,winter,3,True
2022,497225336,F#,Minor,59,20,74,1,0,15,5,summer,3,True
2023,88791109,F#,Minor,64,67,80,0,0,36,3,spring,2,True
2023,125917280,D#,Minor,66,43,76,49,0,12,3,spring,3,True
2023,105062254,C#,Minor,84,44,67,8,0,11,6,winter,3,False
2023,95623148,G#,Major,56,72,85,0,0,15,3,winter,1,False
2023,144584800,F,Major,57,68,76,7,0,33,3,winter,1,True
2022,298063749,D,Minor,74,51,45,86,0,21,38,winter,3,True
2023,166570053,D,Major,56,20,43,89,0,12,4,winter,2,True
2023,83021468,D,Major,68,83,81,9,0,8,4,winter,3,False
2022,139836056,A,Major,59,44,56,80,0,6,3,fall,1,False
2022,303216294,G#,Major,73,65,79,5,2,11,6,fall,1,True
2022,221409663,G,Minor,79,66,74,8,0,11,5,winter,2,True
2023,58890931,E,Major,50,49,76,12,0,12,3,spring,3,False
2023,81419389,C#,Major,70,29,73,12,0,11,26,spring,1,False
2022,156777415,B,Major,58,26,38,91,0,10,4,spring,3,True
2022,284908316,G,Major,36,28,28,81,0,18,3,winter,1,True
2023,93438910,F#,Major,86,68,79,39,0,11,29,winter,3,True
2022,363472647,E,Minor,59,78,94,27,0,29,23,summer,1,True
2011,372476382,A,Minor,59,49,65,2,0,13,3,winter,1,False
2022,380726517,A#,Minor,87,82,70,42,0,21,5,fall,3,True
2023,56533272,D,Major,49,48,67,10,0,26,3,spring,3,False
2023,175399345,E,Minor,72,96,63,25,0,21,7,winter,3,True
2022,203221468,F#,Major,53,51,70,49,0,14,3,spring,3,True
2000,1624165576,D#,Minor,55,40,90,1,0,32,6,fall,1,True
2022,134294498,F,Major,81,97,77,75,0,35,3,winter,3,True
2022,70069745,E,Minor,82,61,59,30,0,12,4,summer,2,False
2022,609293408,F,Major,74,43,69,12,0,12,7,summer,1,True
2022,671365962,A#,Major,88,43,50,7,0,14,5,spring,2,True
2022,362361576,G#,Minor,76,49,56,80,12,10,13,fall,1,True
2022,93587665,C#,Major,53,40,36,73,0,11,33,winter,1,True
2021,1223481149,B,Minor,72,59,76,24,0,42,28,fall,1,True
2017,1022258230,B,Minor,75,18,25,78,0,11,26,summer,3,True
2022,263453310,C#,Major,65,72,95,31,0,92,5,fall,3,True
2019,1435127549,G,Major,75,43,65,15,0,11,32,summer,3,True
2022,236857112,B,Major,73,88,57,56,0,5,2,fall,1,True
2023,147538971,B,Minor,66,47,40,72,0,11,3,winter,2,False
2020,698086140,F,Minor,66,16,57,10,1,12,3,winter,2,True
2022,723894473,A#,Minor,84,72,74,10,0,34,7,summer,2,True
2023,34450974,F,Major,53,61,81,5,0,36,4,spring,3,False
2020,403097450,F#,Minor,60,52,76,17,0,19,5,spring,3,True
2022,309483971,F,Minor,74,64,73,6,0,10,6,fall,1,True
2022,319566866,F#,Minor,70,40,51,35,0,10,4,fall,1,True
2022,909001996,F,Minor,80,29,67,29,0,12,3,spring,1,True
2021,1061966512,A,Major,58,42,68,1,0,14,4,fall,1,True
2023,32526947,E,Major,53,32,66,38,0,9,3,spring,2,False
2023,124988687,F#,Minor,56,56,63,13,0,19,27,winter,3,False
2023,103787664,A,Major,70,84,90,17,0,41,6,winter,2,False
2023,134255790,G#,Major,64,25,89,0,0,15,9,winter,2,True
2022,301051721,A#,Minor,88,82,80,8,0,11,8,fall,1,True
2022,156338624,F,Major,66,74,84,25,0,21,4,fall,3,False
2023,152850295,C#,Major,79,60,68,7,0,26,4,winter,1,True
2022,309653982,D#,Minor,82,55,45,15,3,9,10,fall,2,False
2022,297328960,A,Major,25,17,30,90,0,13,3,fall,3,False
2022,332506354,D,Minor,64,31,72,15,0,9,5,fall,3,False
2016,480507035,E,Minor,57,47,84,1,1,52,4,fall,3,True
2019,1065580332,B,Minor,65,80,86,9,0,19,10,spring,2,False
2016,122763672,D,Major,92,73,51,55,0,15,6,fall,3,False
2022,445763624,B,Major,81,82,78,38,0,12,4,winter,2,True
2022,1365184,G,Major,82,62,74,10,0,33,7,winter,1,True
2022,184308753,F#,Minor,44,38,77,9,0,9,20,fall,2,False
2015,789753877,G,Minor,51,62,79,22,13,14,3,winter,3,True
2022,323358833,G,Major,71,34,88,16,0,44,4,fall,2,True
2022,606361689,F,Major,70,57,64,23,0,8,32,spring,3,True
2023,120972253,A#,Minor,68,83,71,3,0,31,8,winter,1,True
2022,338564981,E,Minor,41,9,25,84,1,14,4,summer,3,True
2014,1606986953,F,Major,68,50,49,56,0,8,4,winter,1,True
2020,1301799902,F,Major,47,25,43,62,0,32,3,spring,1,True
2022,140187018,G#,Minor,77,65,80,6,0,15,4,winter,2,True
2017,1897517891,A,Minor,79,59,86,4,0,8,11,summer,2,True
2023,107642809,A#,Minor,71,83,89,1,0,17,9,winter,2,False
2022,551305895,B,Major,80,71,69,2,0,27,10,summer,1,True
2022,556585270,C#,Major,46,34,64,31,0,7,34,spring,1,True
2019,2303033973,B,Minor,79,68,79,1,0,10,8,fall,2,False
2014,646886885,G#,Major,58,4,60,7,41,8,3,summer,3,True
2022,222612678,G#,Major,64,61,91,15,0,72,4,fall,3,True
2021,1814349763,D#,Minor,74,89,70,2,0,5,6,summer,3,False
2020,872137015,E,Minor,41,9,61,2,0,12,5,winter,3,True
2015,571386359,G#,Minor,40,23,48,5,0,12,3,spring,3,True
2022,304079786,B,Major,87,20,83,0,4,31,9,fall,2,True
2022,174006928,G,Major,87,52,52,31,0,28,24,fall,1,False
2022,284785823,G#,Major,40,39,64,21,0,7,7,summer,1,True
2022,163284000,A,Minor,46,60,28,91,0,21,4,winter,2,False
2022,246390068,G#,Major,47,15,52,38,13,29,5,fall,3,False
2022,482257456,F#,Major,91,97,57,38,0,40,29,summer,3,True
2022,168684524,G,Major,90,76,81,15,24,33,6,fall,1,False
2022,78489819,C#,Minor,81,6,84,5,23,6,6,winter,3,False
2022,195516622,G,Minor,49,24,66,19,0,18,29,winter,1,False
2021,1260594497,C#,Major,64,44,65,28,0,14,12,summer,3,True
2022,428685680,D,Major,95,91,89,6,0,31,24,summer,3,False
1985,1024858327,A#,Minor,63,20,55,72,0,6,6,fall,2,False
1973,838586769,F,Minor,39,24,43,39,0,23,3,winter,1,False
2022,199386237,B,Minor,80,46,62,3,6,11,46,summer,1,False
2021,972509632,F#,Minor,67,26,64,52,0,17,10,summer,2,True
2022,213438580,D,Minor,58,17,62,18,0,20,8,fall,3,False
2020,1555511105,B,Minor,81,59,90,5,0,36,3,fall,2,True
2022,210038833,C#,Major,58,29,94,0,0,9,11,fall,1,True
2022,227918678,A,Major,70,31,34,60,1,11,4,spring,1,False
2020,826623384,C#,Minor,46,53,78,23,0,72,6,winter,2,True
2020,1802514301,F#,Minor,70,92,83,1,0,7,6,spring,1,True
2021,1329090101,F,Minor,82,88,76,9,0,12,9,summer,2,False
2022,181831132,F,Minor,65,36,47,31,0,12,10,fall,1,True
2022,462791599,C#,Minor,84,70,69,1,0,5,5,spring,2,True
2022,348647203,D,Major,69,40,39,41,0,13,6,fall,2,True
2022,366599607,G,Major,58,44,57,57,0,10,3,summer,1,True
1930,90598517,F#,Minor,65,49,80,22,4,7,5,winter,2,False
2012,1479264469,E,Major,74,51,74,2,0,29,4,winter,2,True
1994,1449779435,G,Major,34,33,63,16,0,7,4,fall,3,False
1984,1159176109,B,Minor,74,88,65,28,0,46,3,winter,2,False
1958,769213520,G#,Major,70,85,41,71,0,45,5,winter,3,False
1957,741301563,D,Major,74,78,37,84,0,6,3,winter,2,False
2011,807561936,E,Major,35,38,23,91,0,29,3,fall,1,False
2013,834129063,G,Major,46,53,63,5,0,30,18,winter,3,False
1963,663832097,G,Major,24,76,60,77,0,12,4,fall,3,False
1959,446390129,C#,Major,45,72,24,91,0,18,4,fall,3,False
2017,690104769,C#,Major,72,33,51,48,0,9,3,winter,1,False
2013,485285717,G#,Major,51,69,81,0,0,21,5,fall,3,False
1970,520034544,D,Major,50,96,82,47,0,34,4,fall,3,False
2011,476244795,G,Major,65,70,47,87,0,9,4,fall,3,False
2011,629173063,F#,Minor,67,88,54,51,0,9,4,winter,3,False
1963,404664135,D,Major,53,84,77,40,0,32,3,fall,1,False
2022,98709329,C#,Major,65,35,65,44,18,21,7,winter,3,False
2022,110849052,A,Minor,71,55,26,85,0,13,8,winter,1,False
1971,460492795,D,Major,33,39,61,32,0,77,3,winter,3,False
2022,94005786,A#,Minor,73,71,69,53,0,32,9,winter,3,False
1952,395591396,E,Major,67,81,36,64,0,15,3,winter,3,False
1946,389771964,C#,Major,36,22,15,84,0,11,4,fall,3,False
1979,403939487,B,Major,75,74,58,36,0,9,3,fall,1,False
1984,481697415,C#,Major,60,23,57,0,2,27,3,fall,2,False
2022,110073250,F#,Major,62,59,43,84,3,11,5,winter,2,False
2022,88092256,G#,Major,60,19,20,78,0,11,5,winter,1,False
1984,351636786,C#,Minor,72,91,87,14,0,13,3,winter,1,False
1950,473248298,D,Major,60,86,32,88,0,34,6,winter,3,False
2022,73981293,G,Minor,51,51,66,67,0,9,23,winter,2,False
2022,155653938,A,Major,67,22,59,76,1,15,16,winter,1,True
1942,395591396,A,Major,23,19,25,91,0,40,3,winter,1,False
1986,429504768,A,Major,51,87,58,36,0,18,4,winter,3,False
1963,242767149,D#,Major,34,35,76,39,0,8,5,fall,2,False
2022,65362788,F,Major,43,42,44,57,0,15,6,winter,3,False
2022,67540165,D,Major,53,47,74,9,0,34,4,winter,1,False
2022,62019074,F,Major,72,78,68,28,0,11,12,winter,3,False
2017,135723538,A,Major,59,60,94,24,0,10,4,fall,2,False
1958,295998468,G,Major,73,72,32,77,0,15,5,winter,2,False
2000,261116938,D,Major,67,69,72,17,0,19,3,fall,3,False
2022,136689549,B,Minor,70,92,59,3,0,10,3,fall,1,True
2022,135611421,G#,Major,49,42,77,3,0,12,9,winter,3,True
2021,356709897,G,Minor,54,41,39,51,0,11,16,winter,2,False
2022,110649992,G#,Major,80,15,54,9,0,38,5,winter,2,False
2022,301869854,C#,Major,70,57,57,9,20,11,7,fall,3,False
1959,127027715,F#,Minor,69,96,36,81,0,8,4,winter,2,False
2022,57144458,G#,Major,47,33,68,24,0,22,38,winter,1,False
2022,56870689,C#,Major,79,77,46,5,0,11,7,winter,3,False
2022,323437194,A,Major,66,19,32,69,0,12,4,fall,2,False
2022,317726339,G,Major,64,4,40,6,0,10,6,fall,2,False
2022,116144341,E,Minor,89,48,74,30,0,7,36,fall,2,False
2022,328207708,G,Major,70,39,56,6,0,9,7,fall,3,False
2022,608228647,B,Minor,80,42,68,2,0,66,4,spring,2,True
2005,180577478,F,Major,63,93,88,1,0,12,4,fall,1,False
2021,809306935,C#,Minor,87,51,69,36,0,9,8,summer,1,True
2022,49262961,B,Major,45,35,68,78,0,39,8,winter,2,False
2022,614555082,A,Major,83,47,80,2,0,24,9,spring,1,True
1958,245350949,G,Minor,69,94,71,79,0,7,8,winter,3,False
1957,178660459,G#,Major,51,94,34,73,0,10,5,winter,3,False
2022,51641685,D,Major,61,48,55,67,0,16,8,winter,2,False
2022,78139948,F,Minor,33,51,59,76,0,44,6,winter,1,False
2022,322336177,B,Minor,63,34,86,26,0,21,39,summer,1,True
2021,1007612429,E,Major,70,42,54,30,0,37,5,summer,2,False
2022,326792833,G,Major,70,91,79,3,0,7,10,winter,2,False
2022,391251368,A,Minor,70,60,58,4,0,16,3,winter,3,True
2022,349585590,F,Major,60,45,47,62,0,31,5,winter,2,False
2022,339659802,F,Minor,65,82,74,27,0,32,5,winter,1,False
2021,674772936,B,Minor,85,64,81,2,5,7,9,summer,2,False
2021,432719968,F,Minor,58,83,45,36,0,11,8,fall,3,False
2021,1309887447,G,Major,76,44,77,1,0,13,3,summer,2,True
2022,119238316,G,Minor,80,62,51,2,0,9,8,winter,2,False
2022,116903579,F#,Minor,74,35,73,0,0,21,5,winter,2,False
2017,888046992,B,Minor,67,50,67,15,0,30,4,summer,2,False
2022,200660871,F,Major,53,50,79,0,0,8,3,winter,3,False
2021,130655803,A#,Minor,70,35,77,1,0,26,4,summer,2,False
2021,1887039593,F#,Minor,56,68,66,28,0,11,18,spring,3,True
2022,88103848,C#,Major,41,27,64,36,0,60,3,winter,3,False
2022,101114984,E,Minor,49,49,59,44,0,35,21,winter,1,False
2021,1575467011,G#,Major,77,74,66,30,0,13,3,spring,2,False
2022,91656026,D,Major,75,85,84,10,0,31,19,winter,2,False
2021,1042568408,C#,Major,66,19,61,30,0,9,7,summer,2,False
2020,1735441776,G#,Minor,61,76,51,30,0,38,15,fall,3,False
2019,726837877,F,Minor,74,53,73,61,0,13,4,summer,1,True
2022,53933526,A,Minor,27,10,49,62,0,49,5,winter,1,False
2021,267758538,D,Major,65,37,58,2,0,4,31,fall,3,False
2022,74601456,A,Minor,28,13,41,50,0,19,3,winter,1,False
2021,920797189,C#,Minor,74,55,85,1,0,5,22,fall,1,False
2021,539595276,C#,Major,68,72,78,4,0,7,5,fall,1,False
2017,1367810478,B,Minor,71,59,80,13,0,36,5,winter,3,False
2020,578207856,D,Major,75,36,76,12,0,10,10,fall,2,True
2021,775542072,E,Minor,64,14,70,9,0,9,8,fall,3,True
2021,863625566,C#,Minor,83,40,55,16,0,14,23,fall,3,True
2021,656013912,G,Minor,75,46,76,3,0,9,4,fall,2,True
2021,1056760045,G,Major,31,31,24,76,0,14,4,summer,1,False
2021,611994237,B,Minor,56,16,67,0,0,11,4,fall,2,True
2021,1230855859,D#,Major,29,12,33,68,0,12,5,spring,3,True
2021,582981380,G#,Minor,59,69,61,84,0,46,36,fall,3,False
2021,1858144199,A#,Major,59,21,43,76,0,10,7,winter,3,True
2021,240684449,F#,Minor,82,52,61,38,0,14,27,fall,3,True
2021,583687007,A#,Major,63,21,52,28,0,9,3,fall,1,True
2022,63803529,A#,Major,77,25,62,34,0,23,3,winter,2,False
2021,466214729,C#,Major,53,55,73,9,0,3,5,fall,1,False
2022,236940480,F,Minor,70,61,44,40,0,37,4,winter,3,True
2022,41924466,F,Minor,46,55,50,71,0,10,11,winter,1,False
2021,225259194,A#,Major,65,46,47,12,0,13,16,fall,3,False
2021,393230256,E,Minor,79,79,70,57,0,66,8,fall,1,True
2021,287201015,G,Major,40,7,29,62,0,9,3,winter,1,False
2018,599770206,D,Major,57,36,58,5,0,15,3,spring,1,True
2021,342779426,D,Major,83,11,41,0,0,36,14,fall,1,False
2021,673801126,C#,Major,73,79,86,42,0,7,18,summer,3,True
2020,1168642797,D#,Minor,81,57,63,40,1,10,4,fall,2,True
2019,540539717,G#,Major,58,44,60,44,9,5,6,summer,2,False
2021,383550148,D,Major,63,85,62,6,0,35,4,fall,1,False
2020,530511203,D,Major,77,40,47,2,0,9,3,spring,1,False
2022,37307967,F,Major,44,52,94,11,0,4,29,winter,2,False
2021,510876816,B,Minor,75,93,86,8,0,14,3,fall,2,True
2021,1445941661,B,Major,63,49,68,38,0,42,18,spring,1,False
2020,1763363713,E,Minor,73,14,57,40,0,11,5,fall,2,True
2021,374191487,C#,Minor,66,76,82,47,0,10,32,winter,1,True
2022,108809090,D,Minor,56,58,55,35,0,23,11,winter,1,False
2021,436695353,A,Minor,73,60,85,17,0,24,5,fall,1,True
2021,421040617,D,Minor,72,67,68,0,0,14,4,fall,2,False
2020,501541661,A,Major,70,57,49,19,0,12,8,summer,1,False
2021,354065229,C#,Minor,86,31,53,43,0,11,6,fall,2,False
2021,1143647827,G#,Major,79,70,36,0,0,6,11,spring,2,True
2022,311395144,C#,Minor,77,49,42,1,1,13,19,winter,1,False
2021,672656250,G#,Major,83,44,62,2,0,8,6,summer,2,False
2021,1256880657,A,Major,44,22,60,61,0,42,9,spring,3,True
2020,1692897992,F#,Minor,75,74,77,1,0,9,10,summer,2,True
2021,245095641,D,Major,74,39,65,5,1,11,35,fall,3,False
2019,686734357,D,Major,66,18,68,9,0,12,4,winter,1,True
2021,261414174,D,Major,67,78,63,29,0,12,5,fall,1,False
2021,610045621,F#,Major,66,63,69,21,0,11,7,summer,3,True
2021,1115880852,F,Major,59,72,62,18,0,9,3,spring,3,False
2021,594482982,F,Minor,85,22,37,13,0,7,30,fall,3,False
2021,566954746,B,Minor,77,51,79,20,0,26,6,summer,2,False
1970,213427660,A,Major,53,75,69,7,0,17,3,winter,2,False
2021,374706940,A#,Minor,77,82,30,95,0,13,5,fall,3,True
2021,184937148,C#,Major,59,56,63,12,0,6,36,fall,3,False
2022,31959571,A,Minor,46,23,48,75,30,14,4,winter,2,False
2021,167076418,G#,Major,42,47,36,76,0,9,5,fall,1,False
2015,824420218,A,Major,35,41,94,0,63,5,5,spring,3,True
2021,363467642,A#,Major,77,51,79,5,0,16,5,fall,2,False
2015,1127468248,A#,Major,59,33,52,7,15,12,3,fall,1,True
2022,60680939,C#,Major,68,29,73,0,0,7,7,winter,3,False
2021,247737946,A,Major,83,59,73,6,0,5,11,winter,2,True
2020,1699402402,G,Minor,70,76,72,22,0,27,4,summer,1,False
2021,154797871,E,Major,72,54,71,26,0,10,4,fall,2,False
2021,198883004,D,Major,86,86,79,11,0,8,9,fall,2,False
2022,124407432,A#,Major,63,31,35,93,0,29,3,winter,2,False
2021,850608354,F#,Major,39,36,45,81,0,8,13,spring,3,True
2021,376333030,C#,Major,80,21,55,1,0,26,17,summer,2,False
2021,516784627,G#,Minor,91,79,66,32,0,9,16,summer,1,False
2019,1608045237,D#,Major,45,19,60,63,0,9,6,fall,2,True
2020,506778838,D,Major,79,56,91,26,0,13,21,winter,3,True
2010,1472799873,G#,Major,73,52,76,13,0,5,3,fall,1,True
2021,513643924,F,Major,76,63,77,14,0,15,22,summer,3,True
2021,261286503,G,Minor,96,71,42,57,0,8,9,winter,2,False
2021,783706581,A,Major,40,19,29,86,0,34,4,spring,3,False
2021,422691058,C#,Major,67,40,90,3,0,34,6,spring,1,True
2020,1062345656,G#,Minor,80,24,62,41,2,11,23,winter,2,False
2020,1252563873,F,Major,73,66,80,44,0,9,12,fall,3,False
2021,851070493,C#,Major,75,96,61,0,0,18,4,spring,3,False
2021,263894529,G#,Minor,46,62,83,53,0,97,28,fall,3,False
2021,345903614,A,Major,81,92,90,9,0,8,7,fall,2,False
2020,951637566,D,Major,61,59,46,56,0,13,5,winter,2,True
2016,956865266,G,Major,74,45,89,5,0,26,13,fall,1,False
2021,427486004,G#,Minor,79,79,84,2,0,5,5,summer,2,False
2016,156658366,E,Minor,73,31,45,85,24,11,3,spring,1,False
2021,624515457,F#,Minor,78,65,52,46,0,12,31,spring,3,False
2017,777765388,G,Major,60,11,33,90,0,8,5,spring,2,False
2021,412795151,F#,Major,45,12,57,7,0,23,3,summer,1,False
2019,1138474110,E,Minor,78,47,70,18,0,15,9,winter,3,False
2021,355219175,G#,Major,76,58,84,10,0,13,10,fall,1,False
2021,290228626,F#,Major,63,76,67,38,0,6,4,summer,1,True
2010,1062956628,C#,Minor,52,7,61,51,0,11,3,fall,3,True
2020,1180094974,E,Major,64,8,37,79,0,9,5,spring,2,False
2014,1456081449,F#,Major,53,66,85,2,0,24,4,winter,2,True
2021,432702334,G#,Major,75,53,74,2,0,11,5,summer,2,False
2021,489945871,B,Minor,80,33,60,0,0,32,14,fall,3,False
2021,465959382,A,Minor,77,26,63,58,0,11,5,summer,1,True
2021,1223481149,G,Major,73,54,74,23,0,41,23,fall,1,False
2019,2864791672,F#,Minor,82,54,59,69,0,18,10,spring,1,False
2017,2288695111,B,Minor,44,22,48,38,0,33,24,summer,1,False
2021,720825549,G#,Major,89,77,82,3,0,17,11,winter,1,False
2013,2086124197,G#,Major,42,33,26,92,0,13,3,summer,2,False
1991,1690192927,C#,Major,52,73,91,0,0,11,7,fall,2,True
2019,991336132,A,Minor,45,27,33,82,0,14,4,spring,1,False
2021,593917618,C#,Major,67,29,47,5,0,22,26,fall,3,True
2021,200972675,C#,Major,52,68,69,13,0,33,8,fall,1,True
2022,71014967,G#,Major,41,65,88,0,0,26,5,winter,3,False
2021,560222750,C#,Major,71,14,61,1,0,23,33,summer,3,True
2003,1806617704,C#,Major,35,24,93,0,0,10,8,fall,3,True
2022,77337771,E,Minor,60,40,89,9,0,60,6,winter,2,False
2021,528544703,F#,Minor,74,79,66,11,0,8,16,summer,3,False
2019,865640097,B,Major,75,19,46,21,4,34,8,fall,1,False
2018,2159346687,G,Major,57,30,40,38,0,26,3,fall,1,True
2022,211372494,G,Minor,74,65,67,46,0,36,4,winter,3,False
2021,651732901,G,Major,72,67,72,0,0,13,4,spring,2,True
2021,608334048,A,Major,70,65,74,1,0,34,4,summer,2,True
2021,863756573,D,Major,82,80,86,1,0,30,13,winter,2,False
2021,797402345,F#,Major,79,44,54,41,0,13,24,spring,1,False
2002,1695712020,C#,Major,55,10,85,7,0,8,20,spring,3,False
2019,1759567999,B,Major,77,60,32,84,0,8,5,fall,1,True
2021,223319934,G,Minor,56,61,76,10,0,14,11,summer,1,False
2022,54937991,F,Minor,90,74,54,16,0,13,28,winter,2,False
2021,226897599,F#,Major,69,70,89,4,0,49,3,winter,2,False
2021,258316038,F#,Minor,80,62,69,28,0,13,7,fall,2,False
2021,596152090,D,Major,85,92,54,16,0,29,7,spring,1,True
2021,177129919,F#,Minor,63,75,75,17,0,11,8,fall,1,False
2022,716591492,E,Minor,84,90,70,9,0,14,8,winter,1,True
1999,1210599487,B,Major,81,53,78,18,0,6,24,winter,1,False
2022,246376690,D,Minor,51,50,76,30,0,10,7,winter,2,True
2022,496311364,G,Minor,35,23,61,23,0,19,6,winter,3,False
2022,146789379,F,Major,53,31,31,92,0,28,3,winter,3,False
1999,843309044,D#,Minor,92,31,89,3,0,8,25,winter,1,False
2022,500340342,F#,Major,69,91,63,11,0,9,31,winter,3,False
2022,107255472,G#,Minor,47,50,80,10,0,32,38,winter,3,False
2022,135079152,G,Major,52,44,60,40,0,26,3,winter,2,False
2012,822239726,A#,Minor,91,49,61,3,0,17,22,winter,2,True
2002,1202722675,F#,Minor,90,79,71,26,0,7,37,winter,1,True
2022,343197054,D,Minor,61,65,64,1,0,12,4,winter,3,False
2013,240769997,C#,Major,60,37,71,8,0,48,4,summer,2,False
2019,426204830,D#,Major,37,17,67,2,0,34,9,summer,3,False
2016,421135627,A,Major,31,30,88,7,0,8,8,summer,3,False
2019,554875730,B,Major,57,23,66,4,6,15,4,fall,3,True
2019,467727006,E,Minor,46,43,43,23,8,8,22,summer,1,False
2020,327498031,F,Minor,84,49,72,8,0,15,8,summer,1,True
2021,185408548,D,Major,60,47,62,3,0,38,4,winter,3,False
2022,245400167,F,Minor,67,74,75,44,0,7,30,winter,3,True
1995,579395142,G,Major,77,76,84,3,0,38,4,winter,1,False
1999,675039469,G#,Major,93,61,74,9,0,17,8,winter,3,False
2021,252871192,B,Minor,31,4,86,1,0,28,17,fall,3,True
2021,231996128,A,Major,76,92,62,6,0,8,13,winter,1,False
2017,1929770265,C#,Minor,91,42,60,0,0,9,12,spring,3,True
1999,918915401,F#,Minor,78,53,74,4,0,45,21,fall,1,False
2020,1180896317,A#,Minor,81,83,75,14,0,29,34,winter,3,False
2017,498960285,G#,Major,67,8,54,27,0,8,4,fall,2,False
2020,685071800,F,Major,86,89,79,17,0,11,6,winter,1,True
2022,258714692,G#,Minor,74,61,52,30,0,26,9,winter,1,False
2022,143139338,D,Minor,79,86,52,66,0,9,7,winter,3,False
2021,209768491,D,Minor,73,37,74,28,0,14,6,fall,1,False
2022,64714573,B,Major,89,75,70,6,0,13,5,winter,3,False
2022,50746620,C#,Major,65,60,60,11,0,10,40,winter,1,False
2022,154119539,F,Minor,89,89,86,16,0,8,5,winter,3,False
2021,181328253,G#,Minor,51,66,53,60,0,11,18,fall,3,False
2015,370068639,D#,Major,47,44,76,8,91,9,3,summer,1,False
2014,2280566092,D,Major,78,58,45,47,0,18,3,winter,1,False
2019,563902868,F,Major,31,31,63,47,27,21,12,fall,1,False
2021,317622165,F,Major,44,18,38,70,0,12,4,winter,3,True
2022,291709698,C#,Minor,73,68,83,55,0,90,7,winter,2,True
2019,203680270,G#,Minor,39,45,55,73,0,9,21,fall,1,False
2022,81350745,C#,Minor,84,54,51,47,0,12,40,winter,2,False
2019,282883169,E,Minor,56,19,46,92,72,11,3,fall,1,False
2022,64787943,C#,Major,92,62,86,11,0,24,24,winter,2,False
2019,2484812918,A,Minor,76,77,52,4,0,8,3,summer,2,True
2019,461437791,F,Minor,62,46,73,10,0,67,11,spring,3,False
2019,1439191367,G#,Major,68,57,77,2,0,10,5,winter,1,True
2020,759208783,C#,Major,74,59,87,3,0,8,5,winter,1,True
1991,368646862,G#,Major,44,8,20,74,42,11,3,fall,2,False
2022,299634472,G,Major,81,68,63,17,0,10,22,spring,2,False
2022,756907987,G#,Major,76,96,70,18,0,33,4,spring,1,True
2022,682475162,A#,Minor,87,82,53,10,0,5,8,winter,1,True
2021,546191065,E,Minor,81,40,73,15,0,9,8,fall,1,True
2022,229473310,G,Major,95,36,37,35,0,10,28,spring,2,True
2022,202677468,F#,Major,64,76,44,70,9,12,4,spring,1,True
2022,121913181,G,Minor,28,26,20,19,0,30,3,winter,1,False
2022,208166039,A,Minor,78,55,57,4,0,10,8,winter,3,True
2004,527033089,A#,Major,81,56,70,4,0,5,24,spring,1,True
2022,94616487,C#,Minor,59,70,74,56,0,11,40,spring,1,False
2021,394030335,A#,Minor,80,71,68,6,0,10,37,spring,3,True
2022,193443895,E,Minor,65,11,58,0,0,12,9,winter,3,False
2022,299648208,G#,Major,55,86,44,40,0,7,4,winter,3,True
2022,182978249,C#,Major,72,55,64,49,0,7,4,winter,1,False
2022,319757142,G,Major,59,73,45,44,0,34,3,winter,3,True
2013,109091573,C#,Major,77,68,70,6,0,17,20,summer,1,False
2022,153240879,D,Minor,80,24,65,2,0,9,4,winter,1,False
2021,346127840,B,Major,42,33,44,62,0,8,6,fall,2,False
2020,312622938,C#,Minor,76,81,80,20,0,25,4,winter,1,False
1975,2197010679,A,Minor,41,23,40,27,0,30,5,fall,1,True
2018,1200808494,A,Minor,59,23,46,66,0,15,6,spring,3,False
2020,797196073,F#,Minor,69,90,88,5,0,29,8,spring,1,False
2013,1970673297,D,Major,53,66,78,0,0,16,5,winter,2,True
2021,665765558,A#,Minor,70,71,58,24,0,7,13,spring,3,False
2021,263779030,D,Major,69,35,57,12,0,10,9,fall,3,False
2020,339473453,A,Minor,67,37,46,13,0,10,39,fall,2,False
2017,2204080728,B,Minor,61,47,65,3,0,17,4,winter,1,True
2016,2591224264,G#,Major,75,64,52,41,0,11,3,spring,1,False
2022,135444283,B,Minor,39,28,77,4,0,6,29,winter,3,False
2011,1457139296,F,Major,86,75,52,54,0,10,4,winter,2,False
2019,236872197,F#,Minor,68,33,43,38,0,36,14,summer,1,False
2022,694525298,G#,Major,91,32,56,3,0,11,10,spring,2,False
2022,240661097,E,Major,58,56,83,5,0,7,4,spring,3,False
2022,421365166,G#,Major,45,27,67,32,0,13,14,winter,1,True
2022,349746291,G,Major,81,59,83,9,0,11,5,spring,1,True
2022,255120451,F,Major,60,58,69,2,0,58,4,spring,3,False
2022,190981339,C#,Major,68,41,55,16,0,10,12,spring,3,False
2015,924193303,D#,Minor,76,63,71,3,0,10,3,winter,1,False
2022,305771063,C#,Minor,70,54,71,0,0,33,4,spring,2,True
2022,273005485,G,Minor,83,63,74,14,0,16,6,spring,1,False
2022,89566512,C#,Minor,72,22,46,24,0,9,6,spring,3,False
2015,677389855,F,Minor,59,30,62,1,0,8,4,winter,2,False
2022,75476209,G,Minor,63,45,64,34,0,9,8,spring,3,False
2021,408843328,B,Major,56,41,57,1,0,13,3,fall,3,True
2022,187772591,G#,Minor,78,63,64,1,0,7,4,winter,2,True
2022,178512385,A#,Major,79,48,84,13,0,21,23,spring,1,False
2022,101780047,D,Major,70,22,61,2,0,10,34,spring,3,False
2022,118381354,F#,Major,86,91,79,29,0,60,16,spring,1,True
2022,146363130,F#,Major,71,55,44,74,0,11,6,spring,2,True
2022,126443991,E,Minor,71,63,45,45,0,11,3,spring,1,False
2022,157990698,D#,Minor,69,90,91,6,0,35,4,spring,1,False
2022,176290831,D#,Minor,93,77,45,25,0,13,27,spring,3,False
2019,1023187129,E,Major,57,6,27,84,0,9,3,winter,2,False
1996,106933107,G,Major,89,59,64,5,0,19,7,fall,1,False
2022,139193812,C#,Minor,87,28,50,12,0,10,10,spring,2,True
2022,212234990,C#,Major,58,71,80,15,0,7,41,spring,2,False
2016,1714490998,D,Major,86,97,80,36,0,9,6,fall,2,False
2022,197643795,F,Major,78,83,75,41,0,27,8,spring,1,False
2019,807015863,E,Minor,45,25,84,21,0,13,6,winter,3,True
2013,933815613,F#,Minor,79,87,81,4,0,10,4,winter,2,False
2021,499710590,D#,Major,86,62,49,51,0,35,21,summer,2,False
2022,120847157,A,Minor,91,73,72,13,0,9,15,winter,1,False
2022,53909146,G#,Major,68,24,58,44,0,6,3,spring,2,False
2014,2236667932,E,Major,61,20,38,61,0,10,5,summer,2,True
2015,2123309722,E,Major,61,53,38,84,0,28,44,fall,1,True
2022,301242089,D#,Minor,81,39,66,38,0,12,14,spring,3,False
2022,723894473,A#,Minor,84,72,74,10,0,34,7,spring,2,False
2022,237351106,C#,Minor,78,40,74,36,0,17,27,spring,1,False
2022,461558540,F,Major,56,61,90,36,0,18,31,spring,1,False
2022,417230415,F,Minor,79,22,55,31,0,12,5,spring,1,True
2022,156898322,G#,Major,52,32,83,24,0,17,43,spring,1,False
2022,127309180,A#,Minor,55,50,78,19,0,11,35,spring,3,False
2022,313113297,G,Major,87,93,59,28,0,17,5,spring,3,False
2022,173702135,A#,Minor,85,41,43,39,0,12,21,spring,1,False
2022,271666301,C#,Major,50,39,78,4,0,11,33,spring,2,False
2022,305650299,A#,Major,71,43,65,23,0,9,5,spring,1,False
2022,123216717,C#,Minor,92,78,57,46,0,14,9,spring,3,False
2022,479655659,B,Minor,66,58,79,23,0,22,20,spring,3,True
2022,126191104,G,Major,78,51,43,69,0,14,9,spring,3,False
2022,344055883,C#,Minor,80,45,62,76,0,10,38,spring,1,False
2022,338422004,C#,Major,82,50,67,12,0,13,5,spring,2,True
2022,68895644,B,Major,65,52,69,31,0,8,36,spring,2,False
2022,86176890,G#,Major,61,66,71,53,0,32,46,spring,2,False
2022,403231558,B,Major,84,74,69,21,0,18,6,spring,3,True
2022,319546754,D,Major,78,55,60,59,0,7,4,spring,2,True
2022,61739839,A#,Minor,56,56,47,76,0,8,36,spring,1,False
2022,283359161,F#,Minor,86,67,65,42,0,35,7,spring,2,False
2022,76831876,D#,Minor,57,71,82,19,0,15,29,spring,3,False
2022,283332261,F,Minor,50,41,50,69,0,12,6,spring,3,True
2022,307752576,C#,Major,80,26,85,23,0,11,21,winter,2,False
2022,279737940,G#,Major,81,77,79,19,0,47,8,spring,1,True
2022,212351890,G#,Major,63,60,70,5,0,9,31,spring,2,False
2019,1304313953,D,Major,61,24,62,60,0,24,31,spring,3,True
2022,150500965,B,Major,83,41,65,0,10,11,8,spring,3,False
2022,246127838,C#,Minor,85,72,58,9,0,49,12,spring,2,False
2016,582863434,B,Minor,51,48,82,0,0,5,3,winter,2,False
2022,58687425,A,Major,73,26,54,30,0,34,32,spring,3,False
2022,212109195,E,Major,91,91,96,3,0,3,9,spring,2,False
2022,382199619,A#,Major,36,30,54,34,0,14,5,spring,1,True
2022,41210087,G,Major,44,74,42,88,0,9,9,spring,1,False
2022,231657891,G,Major,64,80,88,0,0,12,6,spring,2,False
2022,53729194,D,Major,83,32,82,14,0,12,4,spring,1,False
2022,244741137,G,Major,38,20,66,9,0,9,8,spring,1,False
2022,42485571,C#,Minor,37,14,24,80,0,11,4,spring,3,False
2022,37778188,G,Major,43,60,38,76,1,48,38,spring,1,False
2022,254218729,G#,Major,88,28,66,6,0,13,31,spring,2,False
2022,53603447,E,Minor,66,29,65,23,0,8,7,spring,1,False
2022,160035717,B,Minor,84,61,42,31,0,9,9,spring,3,True
2022,164163229,A,Major,61,32,90,25,0,10,9,spring,1,False
2022,37091576,F,Minor,66,83,43,84,0,19,19,spring,2,False
2022,284249832,B,Minor,71,67,60,7,0,6,4,winter,1,True
2022,33381454,G#,Minor,49,50,37,87,0,11,35,spring,3,False
2022,184622518,C#,Major,68,45,71,18,0,11,25,spring,3,True
2022,300983101,A#,Major,77,53,78,19,0,29,4,winter,2,False
2022,121077868,B,Major,71,37,52,62,0,11,36,spring,1,False
2022,106919680,G#,Minor,82,82,66,13,0,11,6,spring,3,False
2022,136996305,F#,Major,87,46,60,1,0,13,16,spring,1,False
2021,65719930,C#,Minor,73,59,81,13,0,9,6,winter,1,False
2022,229497852,G,Major,86,43,62,5,0,13,14,spring,1,False
2022,185550869,G#,Major,54,45,79,1,0,17,5,spring,3,False
2022,54682594,B,Major,47,33,83,18,0,10,5,winter,1,False
2022,240580042,D#,Major,53,14,43,64,0,13,3,spring,3,True
1998,1284942608,B,Minor,32,49,72,0,0,9,4,spring,3,True
2022,71423324,G#,Minor,76,79,81,18,0,6,34,spring,1,False
2019,244891912,G,Major,58,27,36,86,0,9,3,fall,1,True
2022,132171975,E,Major,47,7,50,32,0,7,4,spring,3,False
2017,184706613,E,Major,37,27,56,8,0,13,3,fall,3,False
2021,184826429,D#,Major,70,31,44,84,0,9,39,summer,3,False
2022,302006641,C#,Major,56,68,89,4,0,33,19,summer,3,False
2022,330881149,G#,Major,72,70,82,2,0,4,17,summer,1,False
2022,334733572,B,Major,72,36,72,26,6,11,4,spring,2,True
2022,366214458,D,Major,51,39,29,90,0,10,4,spring,2,True
2022,114546317,D,Major,63,29,51,43,0,25,4,summer,2,False
2022,290833204,G,Major,69,63,45,48,0,18,4,spring,3,False
2022,448500832,G#,Minor,80,74,60,8,0,14,26,spring,3,False
2022,136676504,G,Major,88,15,56,1,0,8,6,summer,2,False
2022,190625045,B,Minor,82,76,70,16,0,8,5,spring,1,False
2022,79095270,G#,Minor,60,68,84,4,0,24,11,summer,3,False
2022,273194684,D#,Major,56,40,54,72,0,10,4,spring,3,False
2022,333146475,A,Minor,80,77,85,11,0,17,14,spring,3,True
2022,194902696,F,Minor,71,39,86,2,0,51,25,spring,1,False
2022,311482393,A#,Major,58,30,46,14,0,9,3,spring,3,True
1982,195918494,G,Major,73,88,67,20,0,32,5,winter,3,False
2022,248511839,C#,Minor,82,42,75,6,0,63,6,summer,2,False
2022,233671263,G,Major,56,20,54,67,0,6,5,spring,2,False
2022,199587884,F,Major,65,88,72,36,14,20,3,spring,3,False
2022,91781263,D#,Minor,63,29,62,4,0,18,4,summer,1,False
2022,383835984,C#,Major,85,42,80,6,0,17,14,winter,2,True
2022,236060709,A,Major,72,90,48,32,0,18,23,spring,3,True
2022,189236868,A,Minor,83,90,64,35,5,9,4,spring,2,False
2022,160845341,B,Major,81,68,58,83,0,11,34,spring,1,False
2014,588955257,G#,Major,57,30,89,10,0,33,8,winter,1,False
2022,238350348,G,Major,51,21,63,5,0,41,3,spring,3,False
2022,187703102,E,Minor,71,90,81,31,2,13,3,spring,2,True
2022,295307001,D#,Minor,91,63,77,12,1,10,5,summer,2,True
2022,138334433,F#,Major,83,56,82,10,0,9,5,summer,1,False
2016,445590495,F,Major,56,25,45,1,3,7,3,fall,2,False
2022,286739476,E,Minor,60,46,71,3,0,16,4,spring,2,False
2018,1122364376,D#,Major,52,28,48,54,1,19,3,fall,1,False
2022,157136970,F,Minor,81,61,93,49,0,12,11,summer,2,True
2022,137070925,B,Major,42,32,20,94,0,11,4,spring,2,False
2021,183273246,B,Minor,68,54,76,21,0,11,20,spring,1,True
2022,184807630,C#,Major,49,14,40,82,0,11,3,spring,2,True
2022,164856284,F#,Minor,70,97,62,47,0,10,4,spring,3,False
1986,704171068,E,Minor,54,59,83,0,44,20,4,spring,1,False
2022,354614964,C#,Minor,70,87,88,4,0,26,8,summer,2,False
2022,279717388,C#,Major,91,59,82,8,0,6,8,summer,2,False
2022,195628667,E,Minor,51,5,68,12,2,15,6,summer,2,False
2022,221752937,C#,Major,73,62,75,0,0,34,8,summer,1,False
2022,263280370,G#,Minor,81,72,65,4,0,14,4,winter,2,True
2022,213505179,D,Major,80,36,86,4,0,3,5,summer,1,False
2022,130419412,F,Minor,44,41,92,0,0,44,7,spring,3,True
2022,155795783,D,Major,78,31,72,1,0,11,4,summer,1,False
1987,1553497987,F#,Major,45,67,90,9,11,10,5,winter,2,True
2022,293466523,D#,Minor,80,55,56,13,0,8,9,spring,1,True
2022,711366595,G,Major,56,52,64,11,0,45,7,spring,3,False
2022,191448892,A#,Minor,88,8,49,9,0,9,14,summer,3,False
2022,85924992,A,Major,88,52,69,0,0,8,23,summer,3,False
2022,176103902,F#,Major,95,83,57,54,0,10,25,summer,2,True
2022,121189256,C#,Major,85,80,83,10,0,8,11,summer,1,False
2022,131746175,G#,Minor,44,44,67,7,0,12,13,summer,3,False
2022,244790012,C#,Major,58,68,91,2,0,27,11,spring,2,True
2022,129314708,D#,Minor,71,78,40,46,0,7,45,summer,2,True
2022,331511413,C#,Major,63,56,43,24,0,12,23,summer,2,True
2022,219196651,D,Major,77,94,87,2,0,23,12,summer,2,False
2022,170732845,E,Minor,72,18,46,7,0,28,8,summer,2,False
2020,273914335,F,Major,70,46,76,30,0,9,45,winter,2,True
2022,179061440,G#,Minor,74,46,58,15,0,13,8,summer,3,True
2022,185236961,G#,Major,61,38,62,14,0,23,40,summer,1,True
2022,171788484,A#,Minor,55,46,64,0,0,17,10,summer,2,False
2019,387080183,B,Major,47,56,90,0,0,10,4,fall,2,True
2022,264717480,A#,Minor,81,70,65,24,0,8,4,summer,1,True
2022,244928911,F,Major,90,73,51,39,0,9,6,spring,2,True
2022,97610446,G,Major,56,43,53,24,0,12,4,summer,3,False
2022,287278853,G,Minor,79,64,59,28,0,11,14,summer,1,True
2008,887906111,A#,Minor,79,66,65,5,0,25,14,winter,1,True
2022,123473120,A,Major,81,90,73,28,0,29,4,summer,2,False
2022,295152154,A#,Major,77,71,75,33,1,13,4,summer,3,True
2022,323455692,G#,Major,70,97,59,55,0,27,12,winter,2,True
2022,240918092,B,Major,82,49,88,20,0,21,3,summer,3,False
2022,191873381,G#,Major,77,74,74,47,0,34,8,spring,3,True
2017,284216603,D,Major,67,49,77,11,0,19,11,fall,2,False
2022,239411309,C#,Minor,67,72,74,30,0,36,4,fall,1,True
2022,265548837,C#,Major,68,80,92,10,0,9,12,summer,2,True
2013,703301727,C#,Major,37,28,66,14,0,9,5,winter,3,True
2022,244585109,A,Major,74,71,89,24,61,15,5,summer,3,True
2022,189476119,D#,Minor,77,78,91,14,0,33,12,summer,2,False
2022,277132266,C#,Major,90,75,50,11,0,9,26,winter,1,False
2022,278920007,G#,Minor,70,58,57,25,0,15,7,summer,3,True
2022,222410722,A#,Minor,65,79,66,31,0,22,7,summer,1,True
2022,185392587,C#,Minor,65,52,80,5,0,6,25,fall,3,True
2022,202452860,C#,Major,34,22,31,43,63,10,7,summer,1,False
2002,1608164312,F,Major,56,21,44,73,0,11,2,summer,3,True
2000,624101957,C#,Major,37,17,27,75,5,10,3,summer,1,True
2022,148461629,E,Minor,70,26,76,8,0,54,23,fall,3,False
2022,47093942,A#,Major,81,48,70,13,0,15,7,fall,1,False
2016,380319238,C#,Minor,64,4,60,11,0,19,4,summer,1,False
2022,209106362,B,Minor,82,75,85,33,1,11,4,summer,2,True
2022,53987404,D,Major,78,75,62,6,0,15,6,fall,1,False
2022,115331792,F,Minor,70,26,56,14,83,11,5,summer,3,False
2022,225093344,D,Major,52,24,60,0,0,8,3,fall,2,True
2022,84697729,D#,Minor,65,24,53,6,0,51,4,fall,1,False
2022,159240673,A,Major,84,43,75,5,0,6,8,summer,1,False
2022,170709584,E,Minor,73,65,91,4,0,48,18,fall,3,True
1982,154356956,A,Major,66,24,58,17,0,19,5,spring,3,False
2018,723043854,G,Major,57,24,37,11,18,16,3,fall,2,False
2022,247689123,G,Major,72,92,77,9,0,8,11,summer,3,True
2022,176474912,D,Major,57,50,85,5,0,16,4,fall,2,False
2022,235549288,G,Major,92,53,62,7,0,63,10,fall,3,True
2020,140430339,D#,Minor,49,13,74,0,0,9,4,winter,2,True
2022,85559365,F,Minor,74,22,67,0,0,11,46,fall,3,False
2022,146223492,A#,Major,80,82,81,14,0,13,36,fall,3,True
2022,187701588,A#,Minor,59,62,60,12,0,5,44,summer,3,True
2022,154863153,G#,Minor,91,23,55,1,0,7,32,fall,3,False
2022,191333656,E,Minor,75,45,63,6,0,35,12,fall,2,False
2022,253650850,E,Minor,80,16,28,17,0,12,39,fall,1,False
2022,223064273,G,Major,75,11,50,20,0,30,17,fall,2,False
2022,170413877,A,Major,84,33,36,2,0,39,59,fall,3,False
2022,218320587,E,Major,66,12,35,55,0,9,14,fall,2,False
2022,141720999,C#,Major,73,25,61,1,0,32,7,fall,1,False
2022,187339835,G,Major,48,15,31,80,22,12,4,fall,2,False
2022,198365537,G,Major,77,20,70,1,0,16,5,fall,2,True
2022,186104310,D#,Major,34,39,16,97,0,12,5,fall,3,False
2022,177503916,G,Major,48,55,84,43,0,15,12,fall,3,False
2022,71095708,D,Minor,62,25,44,51,33,14,3,fall,2,False
2022,112436403,F,Major,93,62,61,0,0,12,20,fall,3,False
2022,203436468,F,Major,54,22,76,0,0,14,3,fall,2,True
2022,93367537,F,Minor,85,40,43,4,0,39,32,fall,3,False
2022,106249219,D,Major,64,11,53,1,0,25,27,fall,2,False
2022,181382590,F,Major,57,55,74,22,0,8,4,fall,1,False
2022,91473363,A,Major,60,24,39,57,0,8,3,fall,3,False
2022,121871870,F#,Major,42,7,24,83,1,12,6,fall,3,False
2022,73513683,C#,Major,80,81,67,4,0,8,6,fall,1,False
2022,133895612,C#,Major,82,67,77,8,0,12,5,fall,1,False
2022,96007391,E,Minor,61,32,67,15,0,11,5,fall,1,True
